<?xml version="1.0" encoding="UTF-8"?>
<kml xmlns="http://www.opengis.net/kml/2.2">
<Document>
<Style id="arrival_schengen">
<LineStyle><color>ff00ff00</color><width>3</width></LineStyle>
</Style>
<Style id="arrival_nonschengen">
<LineStyle><color>ff0000ff</color><width>3</width></LineStyle>
</Style>
<Style id="departure">
<LineStyle><color>ffff9900</color><width>3</width></LineStyle>
</Style>
<Placemark>
<name>ECMKV ARRIVAL: LYBE - LEBL</name>
<styleUrl>#arrival_nonschengen</styleUrl>
<LineString>
<tessellate>1</tessellate>
<coordinates>
20.30666666666667,44.81944444444445,0 2.0783333333333336,41.29666666666667,0
</coordinates>
</LineString>
</Placemark>
<Placemark>
<name>ECJGM ARRIVAL: EGCC - LEBL</name>
<styleUrl>#arrival_nonschengen</styleUrl>
<LineString>
<tessellate>1</tessellate>
<coordinates>
-2.2736111111111112,53.35388888888889,0 2.0783333333333336,41.29666666666667,0
</coordinates>
</LineString>
</Placemark>
<Placemark>
<name>ECLOB ARRIVAL: LMML - LEBL</name>
<styleUrl>#arrival_schengen</styleUrl>
<LineString>
<tessellate>1</tessellate>
<coordinates>
14.477500000000001,35.8575,0 2.0783333333333336,41.29666666666667,0
</coordinates>
</LineString>
</Placemark>
<Placemark>
<name>ECLVC ARRIVAL: LGTS - LEBL</name>
<styleUrl>#arrival_schengen</styleUrl>
<LineString>
<tessellate>1</tessellate>
<coordinates>
22.96944444444444,40.519444444444446,0 2.0783333333333336,41.29666666666667,0
</coordinates>
</LineString>
</Placemark>
<Placemark>
<name>DALEC ARRIVAL: EBBR - LEBL</name>
<styleUrl>#arrival_schengen</styleUrl>
<LineString>
<tessellate>1</tessellate>
<coordinates>
4.484444444444445,50.900555555555556,0 2.0783333333333336,41.29666666666667,0
</coordinates>
</LineString>
</Placemark>
<Placemark>
<name>N327UP ARRIVAL: EDDK - LEBL</name>
<styleUrl>#arrival_schengen</styleUrl>
<LineString>
<tessellate>1</tessellate>
<coordinates>
7.142777777777778,50.865833333333335,0 2.0783333333333336,41.29666666666667,0
</coordinates>
</LineString>
</Placemark>
<Placemark>
<name>ECMKN ARRIVAL: LGSR - LEBL</name>
<styleUrl>#arrival_schengen</styleUrl>
<LineString>
<tessellate>1</tessellate>
<coordinates>
25.477777777777778,36.39888888888889,0 2.0783333333333336,41.29666666666667,0
</coordinates>
</LineString>
</Placemark>
<Placemark>
<name>DALEN ARRIVAL: EDDP - LEBL</name>
<styleUrl>#arrival_schengen</styleUrl>
<LineString>
<tessellate>1</tessellate>
<coordinates>
12.235,51.42388888888889,0 2.0783333333333336,41.29666666666667,0
</coordinates>
</LineString>
</Placemark>
<Placemark>
<name>ECMKT ARRIVAL: LGAV - LEBL</name>
<styleUrl>#arrival_schengen</styleUrl>
<LineString>
<tessellate>1</tessellate>
<coordinates>
23.944444444444446,37.93527777777778,0 2.0783333333333336,41.29666666666667,0
</coordinates>
</LineString>
</Placemark>
<Placemark>
<name>N920FD ARRIVAL: LFPG - LEBL</name>
<styleUrl>#arrival_schengen</styleUrl>
<LineString>
<tessellate>1</tessellate>
<coordinates>
2.5463888888888886,49.00972222222222,0 2.0783333333333336,41.29666666666667,0
</coordinates>
</LineString>
</Placemark>
<Placemark>
<name>OEIBZ ARRIVAL: EBLG - LEBL</name>
<styleUrl>#arrival_schengen</styleUrl>
<LineString>
<tessellate>1</tessellate>
<coordinates>
5.441666666666667,50.63611111111111,0 2.0783333333333336,41.29666666666667,0
</coordinates>
</LineString>
</Placemark>
<Placemark>
<name>EIDPG ARRIVAL: LEPA - LEBL</name>
<styleUrl>#arrival_schengen</styleUrl>
<LineString>
<tessellate>1</tessellate>
<coordinates>
2.738888888888889,39.55027777777777,0 2.0783333333333336,41.29666666666667,0
</coordinates>
</LineString>
</Placemark>
<Placemark>
<name>ECLTG ARRIVAL: LEPA - LEBL</name>
<styleUrl>#arrival_schengen</styleUrl>
<LineString>
<tessellate>1</tessellate>
<coordinates>
2.738888888888889,39.55027777777777,0 2.0783333333333336,41.29666666666667,0
</coordinates>
</LineString>
</Placemark>
<Placemark>
<name>N761AJ ARRIVAL: KJFK - LEBL</name>
<styleUrl>#arrival_nonschengen</styleUrl>
<LineString>
<tessellate>1</tessellate>
<coordinates>
-73.77833333333334,40.64,0 2.0783333333333336,41.29666666666667,0
</coordinates>
</LineString>
</Placemark>
<Placemark>
<name>EIFJP ARRIVAL: LEPA - LEBL</name>
<styleUrl>#arrival_schengen</styleUrl>
<LineString>
<tessellate>1</tessellate>
<coordinates>
2.738888888888889,39.55027777777777,0 2.0783333333333336,41.29666666666667,0
</coordinates>
</LineString>
</Placemark>
<Placemark>
<name>ECKRH ARRIVAL: LROP - LEBL</name>
<styleUrl>#arrival_nonschengen</styleUrl>
<LineString>
<tessellate>1</tessellate>
<coordinates>
26.08361111111111,44.571111111111115,0 2.0783333333333336,41.29666666666667,0
</coordinates>
</LineString>
</Placemark>
<Placemark>
<name>ECLVV ARRIVAL: LEPA - LEBL</name>
<styleUrl>#arrival_schengen</styleUrl>
<LineString>
<tessellate>1</tessellate>
<coordinates>
2.738888888888889,39.55027777777777,0 2.0783333333333336,41.29666666666667,0
</coordinates>
</LineString>
</Placemark>
<Placemark>
<name>ECLYB ARRIVAL: LEMH - LEBL</name>
<styleUrl>#arrival_schengen</styleUrl>
<LineString>
<tessellate>1</tessellate>
<coordinates>
4.2186111111111115,39.862500000000004,0 2.0783333333333336,41.29666666666667,0
</coordinates>
</LineString>
</Placemark>
<Placemark>
<name>ECLXV ARRIVAL: LEPA - LEBL</name>
<styleUrl>#arrival_schengen</styleUrl>
<LineString>
<tessellate>1</tessellate>
<coordinates>
2.738888888888889,39.55027777777777,0 2.0783333333333336,41.29666666666667,0
</coordinates>
</LineString>
</Placemark>
<Placemark>
<name>PHXRD ARRIVAL: EHAM - LEBL</name>
<styleUrl>#arrival_schengen</styleUrl>
<LineString>
<tessellate>1</tessellate>
<coordinates>
4.764166666666667,52.30722222222222,0 2.0783333333333336,41.29666666666667,0
</coordinates>
</LineString>
</Placemark>
<Placemark>
<name>ECMAI ARRIVAL: BIKF - LEBL</name>
<styleUrl>#arrival_schengen</styleUrl>
<LineString>
<tessellate>1</tessellate>
<coordinates>
-22.605555555555558,63.984722222222224,0 2.0783333333333336,41.29666666666667,0
</coordinates>
</LineString>
</Placemark>
<Placemark>
<name>GRAJG ARRIVAL: EBOS - LEBL</name>
<styleUrl>#arrival_schengen</styleUrl>
<LineString>
<tessellate>1</tessellate>
<coordinates>
2.8622222222222224,51.1975,0 2.0783333333333336,41.29666666666667,0
</coordinates>
</LineString>
</Placemark>
<Placemark>
<name>GEZWE ARRIVAL: LIMC - LEBL</name>
<styleUrl>#arrival_schengen</styleUrl>
<LineString>
<tessellate>1</tessellate>
<coordinates>
8.723055555555556,45.63,0 2.0783333333333336,41.29666666666667,0
</coordinates>
</LineString>
</Placemark>
<Placemark>
<name>EIFOG ARRIVAL: LEZL - LEBL</name>
<styleUrl>#arrival_schengen</styleUrl>
<LineString>
<tessellate>1</tessellate>
<coordinates>
-5.8975,37.416666666666664,0 2.0783333333333336,41.29666666666667,0
</coordinates>
</LineString>
</Placemark>
<Placemark>
<name>DAIQE ARRIVAL: EDDS - LEBL</name>
<styleUrl>#arrival_schengen</styleUrl>
<LineString>
<tessellate>1</tessellate>
<coordinates>
9.221944444444444,48.68861111111111,0 2.0783333333333336,41.29666666666667,0
</coordinates>
</LineString>
</Placemark>
<Placemark>
<name>OOJEM ARRIVAL: EBAW - LEBL</name>
<styleUrl>#arrival_schengen</styleUrl>
<LineString>
<tessellate>1</tessellate>
<coordinates>
4.460277777777778,51.18805555555555,0 2.0783333333333336,41.29666666666667,0
</coordinates>
</LineString>
</Placemark>
<Placemark>
<name>ECLZZ ARRIVAL: URKK - LEBL</name>
<styleUrl>#arrival_nonschengen</styleUrl>
<LineString>
<tessellate>1</tessellate>
<coordinates>
39.16861111111111,45.03333333333333,0 2.0783333333333336,41.29666666666667,0
</coordinates>
</LineString>
</Placemark>
<Placemark>
<name>HALXH ARRIVAL: LHBP - LEBL</name>
<styleUrl>#arrival_schengen</styleUrl>
<LineString>
<tessellate>1</tessellate>
<coordinates>
19.261944444444445,47.43805555555555,0 2.0783333333333336,41.29666666666667,0
</coordinates>
</LineString>
</Placemark>
<Placemark>
<name>GEZAT ARRIVAL: LFLL - LEBL</name>
<styleUrl>#arrival_schengen</styleUrl>
<LineString>
<tessellate>1</tessellate>
<coordinates>
5.0808333333333335,45.72555555555556,0 2.0783333333333336,41.29666666666667,0
</coordinates>
</LineString>
</Placemark>
<Placemark>
<name>ECMBS ARRIVAL: LEZL - LEBL</name>
<styleUrl>#arrival_schengen</styleUrl>
<LineString>
<tessellate>1</tessellate>
<coordinates>
-5.8975,37.416666666666664,0 2.0783333333333336,41.29666666666667,0
</coordinates>
</LineString>
</Placemark>
<Placemark>
<name>ECJYX ARRIVAL: LECO - LEBL</name>
<styleUrl>#arrival_schengen</styleUrl>
<LineString>
<tessellate>1</tessellate>
<coordinates>
-8.377222222222223,43.301944444444445,0 2.0783333333333336,41.29666666666667,0
</coordinates>
</LineString>
</Placemark>
<Placemark>
<name>DAEBP ARRIVAL: EDDM - LEBL</name>
<styleUrl>#arrival_schengen</styleUrl>
<LineString>
<tessellate>1</tessellate>
<coordinates>
11.786111111111111,48.35388888888889,0 2.0783333333333336,41.29666666666667,0
</coordinates>
</LineString>
</Placemark>
<Placemark>
<name>OOSSW ARRIVAL: EBBR - LEBL</name>
<styleUrl>#arrival_schengen</styleUrl>
<LineString>
<tessellate>1</tessellate>
<coordinates>
4.484444444444445,50.900555555555556,0 2.0783333333333336,41.29666666666667,0
</coordinates>
</LineString>
</Placemark>
<Placemark>
<name>VQBTN ARRIVAL: UUEE - LEBL</name>
<styleUrl>#arrival_nonschengen</styleUrl>
<LineString>
<tessellate>1</tessellate>
<coordinates>
37.4125,55.972500000000004,0 2.0783333333333336,41.29666666666667,0
</coordinates>
</LineString>
</Placemark>
<Placemark>
<name>OHLZD ARRIVAL: EFHK - LEBL</name>
<styleUrl>#arrival_schengen</styleUrl>
<LineString>
<tessellate>1</tessellate>
<coordinates>
24.963055555555556,60.31722222222223,0 2.0783333333333336,41.29666666666667,0
</coordinates>
</LineString>
</Placemark>
<Placemark>
<name>DABZA ARRIVAL: EDDL - LEBL</name>
<styleUrl>#arrival_schengen</styleUrl>
<LineString>
<tessellate>1</tessellate>
<coordinates>
6.7572222222222225,51.280833333333334,0 2.0783333333333336,41.29666666666667,0
</coordinates>
</LineString>
</Placemark>
<Placemark>
<name>N823NW ARRIVAL: KATL - LEBL</name>
<styleUrl>#arrival_nonschengen</styleUrl>
<LineString>
<tessellate>1</tessellate>
<coordinates>
-84.43333333333334,33.63305555555556,0 2.0783333333333336,41.29666666666667,0
</coordinates>
</LineString>
</Placemark>
<Placemark>
<name>ECMAH ARRIVAL: LIRF - LEBL</name>
<styleUrl>#arrival_schengen</styleUrl>
<LineString>
<tessellate>1</tessellate>
<coordinates>
12.238888888888889,41.79888888888889,0 2.0783333333333336,41.29666666666667,0
</coordinates>
</LineString>
</Placemark>
<Placemark>
<name>EIENM ARRIVAL: EDDB - LEBL</name>
<styleUrl>#arrival_schengen</styleUrl>
<LineString>
<tessellate>1</tessellate>
<coordinates>
13.500555555555556,52.36194444444445,0 2.0783333333333336,41.29666666666667,0
</coordinates>
</LineString>
</Placemark>
<Placemark>
<name>ECMBT ARRIVAL: LEAS - LEBL</name>
<styleUrl>#arrival_schengen</styleUrl>
<LineString>
<tessellate>1</tessellate>
<coordinates>
-6.034722222222222,43.5625,0 2.0783333333333336,41.29666666666667,0
</coordinates>
</LineString>
</Placemark>
<Placemark>
<name>ECJQZ ARRIVAL: LEMD - LEBL</name>
<styleUrl>#arrival_schengen</styleUrl>
<LineString>
<tessellate>1</tessellate>
<coordinates>
-3.5597222222222222,40.471944444444446,0 2.0783333333333336,41.29666666666667,0
</coordinates>
</LineString>
</Placemark>
<Placemark>
<name>HBIOK ARRIVAL: LSZH - LEBL</name>
<styleUrl>#arrival_schengen</styleUrl>
<LineString>
<tessellate>1</tessellate>
<coordinates>
8.547777777777778,47.45805555555556,0 2.0783333333333336,41.29666666666667,0
</coordinates>
</LineString>
</Placemark>
<Placemark>
<name>ECMEA ARRIVAL: ULLI - LEBL</name>
<styleUrl>#arrival_nonschengen</styleUrl>
<LineString>
<tessellate>1</tessellate>
<coordinates>
30.261944444444445,59.79888888888889,0 2.0783333333333336,41.29666666666667,0
</coordinates>
</LineString>
</Placemark>
<Placemark>
<name>ECLZN ARRIVAL: LGMK - LEBL</name>
<styleUrl>#arrival_schengen</styleUrl>
<LineString>
<tessellate>1</tessellate>
<coordinates>
25.34583333333333,37.43583333333333,0 2.0783333333333336,41.29666666666667,0
</coordinates>
</LineString>
</Placemark>
<Placemark>
<name>ECMLM ARRIVAL: LFPO - LEBL</name>
<styleUrl>#arrival_schengen</styleUrl>
<LineString>
<tessellate>1</tessellate>
<coordinates>
2.3794444444444447,48.723333333333336,0 2.0783333333333336,41.29666666666667,0
</coordinates>
</LineString>
</Placemark>
<Placemark>
<name>DAGWT ARRIVAL: EDDV - LEBL</name>
<styleUrl>#arrival_schengen</styleUrl>
<LineString>
<tessellate>1</tessellate>
<coordinates>
9.683333333333334,52.46027777777778,0 2.0783333333333336,41.29666666666667,0
</coordinates>
</LineString>
</Placemark>
<Placemark>
<name>ECJQQ ARRIVAL: LEMD - LEBL</name>
<styleUrl>#arrival_schengen</styleUrl>
<LineString>
<tessellate>1</tessellate>
<coordinates>
-3.5597222222222222,40.471944444444446,0 2.0783333333333336,41.29666666666667,0
</coordinates>
</LineString>
</Placemark>
<Placemark>
<name>PHHSK ARRIVAL: EHEH - LEBL</name>
<styleUrl>#arrival_schengen</styleUrl>
<LineString>
<tessellate>1</tessellate>
<coordinates>
5.373055555555555,51.45,0 2.0783333333333336,41.29666666666667,0
</coordinates>
</LineString>
</Placemark>
<Placemark>
<name>ECMGE ARRIVAL: UUDD - LEBL</name>
<styleUrl>#arrival_nonschengen</styleUrl>
<LineString>
<tessellate>1</tessellate>
<coordinates>
37.905833333333334,55.408055555555556,0 2.0783333333333336,41.29666666666667,0
</coordinates>
</LineString>
</Placemark>
<Placemark>
<name>DAIPZ ARRIVAL: EDDL - LEBL</name>
<styleUrl>#arrival_schengen</styleUrl>
<LineString>
<tessellate>1</tessellate>
<coordinates>
6.7572222222222225,51.280833333333334,0 2.0783333333333336,41.29666666666667,0
</coordinates>
</LineString>
</Placemark>
<Placemark>
<name>GEUUC ARRIVAL: EGLL - LEBL</name>
<styleUrl>#arrival_nonschengen</styleUrl>
<LineString>
<tessellate>1</tessellate>
<coordinates>
-0.4613888888888889,51.477222222222224,0 2.0783333333333336,41.29666666666667,0
</coordinates>
</LineString>
</Placemark>
<Placemark>
<name>ECMEQ ARRIVAL: OLBA - LEBL</name>
<styleUrl>#arrival_nonschengen</styleUrl>
<LineString>
<tessellate>1</tessellate>
<coordinates>
35.49,33.81916666666667,0 2.0783333333333336,41.29666666666667,0
</coordinates>
</LineString>
</Placemark>
<Placemark>
<name>EIEKL ARRIVAL: LPPR - LEBL</name>
<styleUrl>#arrival_schengen</styleUrl>
<LineString>
<tessellate>1</tessellate>
<coordinates>
-8.6775,41.23555555555556,0 2.0783333333333336,41.29666666666667,0
</coordinates>
</LineString>
</Placemark>
<Placemark>
<name>ECLUL ARRIVAL: LEMD - LEBL</name>
<styleUrl>#arrival_schengen</styleUrl>
<LineString>
<tessellate>1</tessellate>
<coordinates>
-3.5597222222222222,40.471944444444446,0 2.0783333333333336,41.29666666666667,0
</coordinates>
</LineString>
</Placemark>
<Placemark>
<name>OELBR ARRIVAL: LOWW - LEBL</name>
<styleUrl>#arrival_schengen</styleUrl>
<LineString>
<tessellate>1</tessellate>
<coordinates>
16.569166666666668,48.11027777777778,0 2.0783333333333336,41.29666666666667,0
</coordinates>
</LineString>
</Placemark>
<Placemark>
<name>N76054 ARRIVAL: KEWR - LEBL</name>
<styleUrl>#arrival_nonschengen</styleUrl>
<LineString>
<tessellate>1</tessellate>
<coordinates>
-74.16833333333334,40.695277777777775,0 2.0783333333333336,41.29666666666667,0
</coordinates>
</LineString>
</Placemark>
<Placemark>
<name>EIFIY ARRIVAL: LEIB - LEBL</name>
<styleUrl>#arrival_schengen</styleUrl>
<LineString>
<tessellate>1</tessellate>
<coordinates>
1.3730555555555557,38.8725,0 2.0783333333333336,41.29666666666667,0
</coordinates>
</LineString>
</Placemark>
<Placemark>
<name>ECMFM ARRIVAL: LEZL - LEBL</name>
<styleUrl>#arrival_schengen</styleUrl>
<LineString>
<tessellate>1</tessellate>
<coordinates>
-5.8975,37.416666666666664,0 2.0783333333333336,41.29666666666667,0
</coordinates>
</LineString>
</Placemark>
<Placemark>
<name>9VSWD ARRIVAL: SBGR - LEBL</name>
<styleUrl>#arrival_nonschengen</styleUrl>
<LineString>
<tessellate>1</tessellate>
<coordinates>
-46.469722222222224,-23.433333333333334,0 2.0783333333333336,41.29666666666667,0
</coordinates>
</LineString>
</Placemark>
<Placemark>
<name>FGTAZ ARRIVAL: LFPG - LEBL</name>
<styleUrl>#arrival_schengen</styleUrl>
<LineString>
<tessellate>1</tessellate>
<coordinates>
2.5463888888888886,49.00972222222222,0 2.0783333333333336,41.29666666666667,0
</coordinates>
</LineString>
</Placemark>
<Placemark>
<name>OYKBP ARRIVAL: EKCH - LEBL</name>
<styleUrl>#arrival_schengen</styleUrl>
<LineString>
<tessellate>1</tessellate>
<coordinates>
12.655833333333334,55.61805555555556,0 2.0783333333333336,41.29666666666667,0
</coordinates>
</LineString>
</Placemark>
<Placemark>
<name>ECMHA ARRIVAL: LEPA - LEBL</name>
<styleUrl>#arrival_schengen</styleUrl>
<LineString>
<tessellate>1</tessellate>
<coordinates>
2.738888888888889,39.55027777777777,0 2.0783333333333336,41.29666666666667,0
</coordinates>
</LineString>
</Placemark>
<Placemark>
<name>DAGWI ARRIVAL: EDDK - LEBL</name>
<styleUrl>#arrival_schengen</styleUrl>
<LineString>
<tessellate>1</tessellate>
<coordinates>
7.142777777777778,50.865833333333335,0 2.0783333333333336,41.29666666666667,0
</coordinates>
</LineString>
</Placemark>
<Placemark>
<name>ECLLJ ARRIVAL: LEIB - LEBL</name>
<styleUrl>#arrival_schengen</styleUrl>
<LineString>
<tessellate>1</tessellate>
<coordinates>
1.3730555555555557,38.8725,0 2.0783333333333336,41.29666666666667,0
</coordinates>
</LineString>
</Placemark>
<Placemark>
<name>ECMKV ARRIVAL: LESO - LEBL</name>
<styleUrl>#arrival_schengen</styleUrl>
<LineString>
<tessellate>1</tessellate>
<coordinates>
-1.7891666666666666,43.35611111111111,0 2.0783333333333336,41.29666666666667,0
</coordinates>
</LineString>
</Placemark>
<Placemark>
<name>DAIDL ARRIVAL: EDDF - LEBL</name>
<styleUrl>#arrival_schengen</styleUrl>
<LineString>
<tessellate>1</tessellate>
<coordinates>
8.570555555555556,50.033055555555556,0 2.0783333333333336,41.29666666666667,0
</coordinates>
</LineString>
</Placemark>
<Placemark>
<name>ECJTR ARRIVAL: EHAM - LEBL</name>
<styleUrl>#arrival_schengen</styleUrl>
<LineString>
<tessellate>1</tessellate>
<coordinates>
4.764166666666667,52.30722222222222,0 2.0783333333333336,41.29666666666667,0
</coordinates>
</LineString>
</Placemark>
<Placemark>
<name>EIFRF ARRIVAL: EIDW - LEBL</name>
<styleUrl>#arrival_nonschengen</styleUrl>
<LineString>
<tessellate>1</tessellate>
<coordinates>
-6.269444444444445,53.420833333333334,0 2.0783333333333336,41.29666666666667,0
</coordinates>
</LineString>
</Placemark>
<Placemark>
<name>GZBAI ARRIVAL: EGKK - LEBL</name>
<styleUrl>#arrival_nonschengen</styleUrl>
<LineString>
<tessellate>1</tessellate>
<coordinates>
-0.18944444444444444,51.14805555555556,0 2.0783333333333336,41.29666666666667,0
</coordinates>
</LineString>
</Placemark>
<Placemark>
<name>TCJNZ ARRIVAL: LTBA - LEBL</name>
<styleUrl>#arrival_nonschengen</styleUrl>
<LineString>
<tessellate>1</tessellate>
<coordinates>
28.81416666666667,40.976111111111116,0 2.0783333333333336,41.29666666666667,0
</coordinates>
</LineString>
</Placemark>
<Placemark>
<name>GEZDU ARRIVAL: EDDB - LEBL</name>
<styleUrl>#arrival_schengen</styleUrl>
<LineString>
<tessellate>1</tessellate>
<coordinates>
13.500555555555556,52.36194444444445,0 2.0783333333333336,41.29666666666667,0
</coordinates>
</LineString>
</Placemark>
<Placemark>
<name>B5913 ARRIVAL: LOWW - LEBL</name>
<styleUrl>#arrival_schengen</styleUrl>
<LineString>
<tessellate>1</tessellate>
<coordinates>
16.569166666666668,48.11027777777778,0 2.0783333333333336,41.29666666666667,0
</coordinates>
</LineString>
</Placemark>
<Placemark>
<name>OELED ARRIVAL: LOWW - LEBL</name>
<styleUrl>#arrival_schengen</styleUrl>
<LineString>
<tessellate>1</tessellate>
<coordinates>
16.569166666666668,48.11027777777778,0 2.0783333333333336,41.29666666666667,0
</coordinates>
</LineString>
</Placemark>
<Placemark>
<name>GZBAH ARRIVAL: EGBB - LEBL</name>
<styleUrl>#arrival_nonschengen</styleUrl>
<LineString>
<tessellate>1</tessellate>
<coordinates>
-1.7480555555555557,52.45388888888889,0 2.0783333333333336,41.29666666666667,0
</coordinates>
</LineString>
</Placemark>
<Placemark>
<name>ECMHS ARRIVAL: LPPT - LEBL</name>
<styleUrl>#arrival_schengen</styleUrl>
<LineString>
<tessellate>1</tessellate>
<coordinates>
-9.133055555555556,38.77388888888889,0 2.0783333333333336,41.29666666666667,0
</coordinates>
</LineString>
</Placemark>
<Placemark>
<name>ECLML ARRIVAL: LEIB - LEBL</name>
<styleUrl>#arrival_schengen</styleUrl>
<LineString>
<tessellate>1</tessellate>
<coordinates>
1.3730555555555557,38.8725,0 2.0783333333333336,41.29666666666667,0
</coordinates>
</LineString>
</Placemark>
<Placemark>
<name>EIDAM ARRIVAL: LIME - LEBL</name>
<styleUrl>#arrival_schengen</styleUrl>
<LineString>
<tessellate>1</tessellate>
<coordinates>
9.699722222222222,45.66861111111111,0 2.0783333333333336,41.29666666666667,0
</coordinates>
</LineString>
</Placemark>
<Placemark>
<name>GEZTG ARRIVAL: EGGD - LEBL</name>
<styleUrl>#arrival_nonschengen</styleUrl>
<LineString>
<tessellate>1</tessellate>
<coordinates>
-2.7191666666666667,51.3825,0 2.0783333333333336,41.29666666666667,0
</coordinates>
</LineString>
</Placemark>
<Placemark>
<name>CSTTO ARRIVAL: LPPT - LEBL</name>
<styleUrl>#arrival_schengen</styleUrl>
<LineString>
<tessellate>1</tessellate>
<coordinates>
-9.133055555555556,38.77388888888889,0 2.0783333333333336,41.29666666666667,0
</coordinates>
</LineString>
</Placemark>
<Placemark>
<name>GEZUM ARRIVAL: LSGG - LEBL</name>
<styleUrl>#arrival_schengen</styleUrl>
<LineString>
<tessellate>1</tessellate>
<coordinates>
6.108333333333333,46.23833333333334,0 2.0783333333333336,41.29666666666667,0
</coordinates>
</LineString>
</Placemark>
<Placemark>
<name>EIDEJ ARRIVAL: EIDW - LEBL</name>
<styleUrl>#arrival_nonschengen</styleUrl>
<LineString>
<tessellate>1</tessellate>
<coordinates>
-6.269444444444445,53.420833333333334,0 2.0783333333333336,41.29666666666667,0
</coordinates>
</LineString>
</Placemark>
<Placemark>
<name>ECMLE ARRIVAL: LFRS - LEBL</name>
<styleUrl>#arrival_schengen</styleUrl>
<LineString>
<tessellate>1</tessellate>
<coordinates>
-1.607777777777778,47.155833333333334,0 2.0783333333333336,41.29666666666667,0
</coordinates>
</LineString>
</Placemark>
<Placemark>
<name>CGHLQ ARRIVAL: CYUL - LEBL</name>
<styleUrl>#arrival_nonschengen</styleUrl>
<LineString>
<tessellate>1</tessellate>
<coordinates>
-73.74138888888889,45.46805555555556,0 2.0783333333333336,41.29666666666667,0
</coordinates>
</LineString>
</Placemark>
<Placemark>
<name>ECLZF ARRIVAL: LEMH - LEBL</name>
<styleUrl>#arrival_schengen</styleUrl>
<LineString>
<tessellate>1</tessellate>
<coordinates>
4.2186111111111115,39.862500000000004,0 2.0783333333333336,41.29666666666667,0
</coordinates>
</LineString>
</Placemark>
<Placemark>
<name>CSDXZ ARRIVAL: LFST - LEBL</name>
<styleUrl>#arrival_schengen</styleUrl>
<LineString>
<tessellate>1</tessellate>
<coordinates>
7.633055555555556,48.54138888888889,0 2.0783333333333336,41.29666666666667,0
</coordinates>
</LineString>
</Placemark>
<Placemark>
<name>GEZPC ARRIVAL: EGGP - LEBL</name>
<styleUrl>#arrival_nonschengen</styleUrl>
<LineString>
<tessellate>1</tessellate>
<coordinates>
-2.8497222222222223,53.333333333333336,0 2.0783333333333336,41.29666666666667,0
</coordinates>
</LineString>
</Placemark>
<Placemark>
<name>PHBXF ARRIVAL: EHAM - LEBL</name>
<styleUrl>#arrival_schengen</styleUrl>
<LineString>
<tessellate>1</tessellate>
<coordinates>
4.764166666666667,52.30722222222222,0 2.0783333333333336,41.29666666666667,0
</coordinates>
</LineString>
</Placemark>
<Placemark>
<name>EIEBK ARRIVAL: EGCC - LEBL</name>
<styleUrl>#arrival_nonschengen</styleUrl>
<LineString>
<tessellate>1</tessellate>
<coordinates>
-2.2736111111111112,53.35388888888889,0 2.0783333333333336,41.29666666666667,0
</coordinates>
</LineString>
</Placemark>
<Placemark>
<name>ECLVC ARRIVAL: LEGR - LEBL</name>
<styleUrl>#arrival_schengen</styleUrl>
<LineString>
<tessellate>1</tessellate>
<coordinates>
-3.776388888888889,37.1875,0 2.0783333333333336,41.29666666666667,0
</coordinates>
</LineString>
</Placemark>
<Placemark>
<name>EIDPM ARRIVAL: EGPH - LEBL</name>
<styleUrl>#arrival_nonschengen</styleUrl>
<LineString>
<tessellate>1</tessellate>
<coordinates>
-3.3725,55.95,0 2.0783333333333336,41.29666666666667,0
</coordinates>
</LineString>
</Placemark>
<Placemark>
<name>ECMBK ARRIVAL: UWKD - LEBL</name>
<styleUrl>#arrival_nonschengen</styleUrl>
<LineString>
<tessellate>1</tessellate>
<coordinates>
49.28,55.60666666666667,0 2.0783333333333336,41.29666666666667,0
</coordinates>
</LineString>
</Placemark>
<Placemark>
<name>ECLUN ARRIVAL: DAAG - LEBL</name>
<styleUrl>#arrival_nonschengen</styleUrl>
<LineString>
<tessellate>1</tessellate>
<coordinates>
3.2144444444444447,36.692499999999995,0 2.0783333333333336,41.29666666666667,0
</coordinates>
</LineString>
</Placemark>
<Placemark>
<name>GEZBD ARRIVAL: EGAA - LEBL</name>
<styleUrl>#arrival_nonschengen</styleUrl>
<LineString>
<tessellate>1</tessellate>
<coordinates>
-6.214444444444444,54.657222222222224,0 2.0783333333333336,41.29666666666667,0
</coordinates>
</LineString>
</Placemark>
<Placemark>
<name>ECLRY ARRIVAL: LEMD - LEBL</name>
<styleUrl>#arrival_schengen</styleUrl>
<LineString>
<tessellate>1</tessellate>
<coordinates>
-3.5597222222222222,40.471944444444446,0 2.0783333333333336,41.29666666666667,0
</coordinates>
</LineString>
</Placemark>
<Placemark>
<name>EIEFW ARRIVAL: LEST - LEBL</name>
<styleUrl>#arrival_schengen</styleUrl>
<LineString>
<tessellate>1</tessellate>
<coordinates>
-8.415277777777778,42.895833333333336,0 2.0783333333333336,41.29666666666667,0
</coordinates>
</LineString>
</Placemark>
<Placemark>
<name>EIDHP ARRIVAL: EGBB - LEBL</name>
<styleUrl>#arrival_nonschengen</styleUrl>
<LineString>
<tessellate>1</tessellate>
<coordinates>
-1.7480555555555557,52.45388888888889,0 2.0783333333333336,41.29666666666667,0
</coordinates>
</LineString>
</Placemark>
<Placemark>
<name>ECLOB ARRIVAL: LFMN - LEBL</name>
<styleUrl>#arrival_schengen</styleUrl>
<LineString>
<tessellate>1</tessellate>
<coordinates>
7.214166666666667,43.664722222222224,0 2.0783333333333336,41.29666666666667,0
</coordinates>
</LineString>
</Placemark>
<Placemark>
<name>EIDWK ARRIVAL: EBBR - LEBL</name>
<styleUrl>#arrival_schengen</styleUrl>
<LineString>
<tessellate>1</tessellate>
<coordinates>
4.484444444444445,50.900555555555556,0 2.0783333333333336,41.29666666666667,0
</coordinates>
</LineString>
</Placemark>
<Placemark>
<name>YRBGI ARRIVAL: LROP - LEBL</name>
<styleUrl>#arrival_nonschengen</styleUrl>
<LineString>
<tessellate>1</tessellate>
<coordinates>
26.08361111111111,44.571111111111115,0 2.0783333333333336,41.29666666666667,0
</coordinates>
</LineString>
</Placemark>
<Placemark>
<name>EIENO ARRIVAL: LFOB - LEBL</name>
<styleUrl>#arrival_schengen</styleUrl>
<LineString>
<tessellate>1</tessellate>
<coordinates>
2.112777777777778,49.45444444444445,0 2.0783333333333336,41.29666666666667,0
</coordinates>
</LineString>
</Placemark>
<Placemark>
<name>YRBAP ARRIVAL: LROP - LEBL</name>
<styleUrl>#arrival_nonschengen</styleUrl>
<LineString>
<tessellate>1</tessellate>
<coordinates>
26.08361111111111,44.571111111111115,0 2.0783333333333336,41.29666666666667,0
</coordinates>
</LineString>
</Placemark>
<Placemark>
<name>ECLUT ARRIVAL: LLBG - LEBL</name>
<styleUrl>#arrival_nonschengen</styleUrl>
<LineString>
<tessellate>1</tessellate>
<coordinates>
34.88527777777778,32.00944444444445,0 2.0783333333333336,41.29666666666667,0
</coordinates>
</LineString>
</Placemark>
<Placemark>
<name>GEUUO ARRIVAL: EGLL - LEBL</name>
<styleUrl>#arrival_nonschengen</styleUrl>
<LineString>
<tessellate>1</tessellate>
<coordinates>
-0.4613888888888889,51.477222222222224,0 2.0783333333333336,41.29666666666667,0
</coordinates>
</LineString>
</Placemark>
<Placemark>
<name>N790AN ARRIVAL: KMIA - LEBL</name>
<styleUrl>#arrival_nonschengen</styleUrl>
<LineString>
<tessellate>1</tessellate>
<coordinates>
-80.28277777777778,25.8,0 2.0783333333333336,41.29666666666667,0
</coordinates>
</LineString>
</Placemark>
<Placemark>
<name>GEZWN ARRIVAL: EGKK - LEBL</name>
<styleUrl>#arrival_nonschengen</styleUrl>
<LineString>
<tessellate>1</tessellate>
<coordinates>
-0.18944444444444444,51.14805555555556,0 2.0783333333333336,41.29666666666667,0
</coordinates>
</LineString>
</Placemark>
<Placemark>
<name>SXDGQ ARRIVAL: LGAV - LEBL</name>
<styleUrl>#arrival_schengen</styleUrl>
<LineString>
<tessellate>1</tessellate>
<coordinates>
23.944444444444446,37.93527777777778,0 2.0783333333333336,41.29666666666667,0
</coordinates>
</LineString>
</Placemark>
<Placemark>
<name>ECMMU ARRIVAL: GCLP - LEBL</name>
<styleUrl>#arrival_nonschengen</styleUrl>
<LineString>
<tessellate>1</tessellate>
<coordinates>
-15.386666666666667,27.931944444444447,0 2.0783333333333336,41.29666666666667,0
</coordinates>
</LineString>
</Placemark>
<Placemark>
<name>LNRNO ARRIVAL: ENGM - LEBL</name>
<styleUrl>#arrival_schengen</styleUrl>
<LineString>
<tessellate>1</tessellate>
<coordinates>
11.08388888888889,60.20277777777778,0 2.0783333333333336,41.29666666666667,0
</coordinates>
</LineString>
</Placemark>
<Placemark>
<name>ECHUH ARRIVAL: LEMD - LEBL</name>
<styleUrl>#arrival_schengen</styleUrl>
<LineString>
<tessellate>1</tessellate>
<coordinates>
-3.5597222222222222,40.471944444444446,0 2.0783333333333336,41.29666666666667,0
</coordinates>
</LineString>
</Placemark>
<Placemark>
<name>IBIXR ARRIVAL: LIRF - LEBL</name>
<styleUrl>#arrival_schengen</styleUrl>
<LineString>
<tessellate>1</tessellate>
<coordinates>
12.238888888888889,41.79888888888889,0 2.0783333333333336,41.29666666666667,0
</coordinates>
</LineString>
</Placemark>
<Placemark>
<name>ECKMI ARRIVAL: LEZL - LEBL</name>
<styleUrl>#arrival_schengen</styleUrl>
<LineString>
<tessellate>1</tessellate>
<coordinates>
-5.8975,37.416666666666664,0 2.0783333333333336,41.29666666666667,0
</coordinates>
</LineString>
</Placemark>
<Placemark>
<name>GOZBE ARRIVAL: EGCC - LEBL</name>
<styleUrl>#arrival_nonschengen</styleUrl>
<LineString>
<tessellate>1</tessellate>
<coordinates>
-2.2736111111111112,53.35388888888889,0 2.0783333333333336,41.29666666666667,0
</coordinates>
</LineString>
</Placemark>
<Placemark>
<name>SPLND ARRIVAL: EPWA - LEBL</name>
<styleUrl>#arrival_schengen</styleUrl>
<LineString>
<tessellate>1</tessellate>
<coordinates>
20.96638888888889,52.16555555555556,0 2.0783333333333336,41.29666666666667,0
</coordinates>
</LineString>
</Placemark>
<Placemark>
<name>EIDAE ARRIVAL: LIRF - LEBL</name>
<styleUrl>#arrival_schengen</styleUrl>
<LineString>
<tessellate>1</tessellate>
<coordinates>
12.238888888888889,41.79888888888889,0 2.0783333333333336,41.29666666666667,0
</coordinates>
</LineString>
</Placemark>
<Placemark>
<name>N290AY ARRIVAL: KPHL - LEBL</name>
<styleUrl>#arrival_nonschengen</styleUrl>
<LineString>
<tessellate>1</tessellate>
<coordinates>
-75.245,39.86972222222222,0 2.0783333333333336,41.29666666666667,0
</coordinates>
</LineString>
</Placemark>
<Placemark>
<name>VQBHK ARRIVAL: UUEE - LEBL</name>
<styleUrl>#arrival_nonschengen</styleUrl>
<LineString>
<tessellate>1</tessellate>
<coordinates>
37.4125,55.972500000000004,0 2.0783333333333336,41.29666666666667,0
</coordinates>
</LineString>
</Placemark>
<Placemark>
<name>ECKLT ARRIVAL: LEMD - LEBL</name>
<styleUrl>#arrival_schengen</styleUrl>
<LineString>
<tessellate>1</tessellate>
<coordinates>
-3.5597222222222222,40.471944444444446,0 2.0783333333333336,41.29666666666667,0
</coordinates>
</LineString>
</Placemark>
<Placemark>
<name>ECMMH ARRIVAL: GCXO - LEBL</name>
<styleUrl>#arrival_nonschengen</styleUrl>
<LineString>
<tessellate>1</tessellate>
<coordinates>
-16.34111111111111,28.481388888888887,0 2.0783333333333336,41.29666666666667,0
</coordinates>
</LineString>
</Placemark>
<Placemark>
<name>ECMHB ARRIVAL: LFPO - LEBL</name>
<styleUrl>#arrival_schengen</styleUrl>
<LineString>
<tessellate>1</tessellate>
<coordinates>
2.3794444444444447,48.723333333333336,0 2.0783333333333336,41.29666666666667,0
</coordinates>
</LineString>
</Placemark>
<Placemark>
<name>ECLXV ARRIVAL: LEPA - LEBL</name>
<styleUrl>#arrival_schengen</styleUrl>
<LineString>
<tessellate>1</tessellate>
<coordinates>
2.738888888888889,39.55027777777777,0 2.0783333333333336,41.29666666666667,0
</coordinates>
</LineString>
</Placemark>
<Placemark>
<name>VPBWG ARRIVAL: ULLI - LEBL</name>
<styleUrl>#arrival_nonschengen</styleUrl>
<LineString>
<tessellate>1</tessellate>
<coordinates>
30.261944444444445,59.79888888888889,0 2.0783333333333336,41.29666666666667,0
</coordinates>
</LineString>
</Placemark>
<Placemark>
<name>ECMBY ARRIVAL: LDZA - LEBL</name>
<styleUrl>#arrival_nonschengen</styleUrl>
<LineString>
<tessellate>1</tessellate>
<coordinates>
16.06888888888889,45.74305555555556,0 2.0783333333333336,41.29666666666667,0
</coordinates>
</LineString>
</Placemark>
<Placemark>
<name>DAIDF ARRIVAL: EDDM - LEBL</name>
<styleUrl>#arrival_schengen</styleUrl>
<LineString>
<tessellate>1</tessellate>
<coordinates>
11.786111111111111,48.35388888888889,0 2.0783333333333336,41.29666666666667,0
</coordinates>
</LineString>
</Placemark>
<Placemark>
<name>EIDCJ ARRIVAL: EGSS - LEBL</name>
<styleUrl>#arrival_nonschengen</styleUrl>
<LineString>
<tessellate>1</tessellate>
<coordinates>
0.23500000000000001,51.88472222222222,0 2.0783333333333336,41.29666666666667,0
</coordinates>
</LineString>
</Placemark>
<Placemark>
<name>ECMKN ARRIVAL: LSGG - LEBL</name>
<styleUrl>#arrival_schengen</styleUrl>
<LineString>
<tessellate>1</tessellate>
<coordinates>
6.108333333333333,46.23833333333334,0 2.0783333333333336,41.29666666666667,0
</coordinates>
</LineString>
</Placemark>
<Placemark>
<name>ECJTQ ARRIVAL: LEVX - LEBL</name>
<styleUrl>#arrival_schengen</styleUrl>
<LineString>
<tessellate>1</tessellate>
<coordinates>
-8.627500000000001,42.22916666666667,0 2.0783333333333336,41.29666666666667,0
</coordinates>
</LineString>
</Placemark>
<Placemark>
<name>LNNGP ARRIVAL: ENGM - LEBL</name>
<styleUrl>#arrival_schengen</styleUrl>
<LineString>
<tessellate>1</tessellate>
<coordinates>
11.08388888888889,60.20277777777778,0 2.0783333333333336,41.29666666666667,0
</coordinates>
</LineString>
</Placemark>
<Placemark>
<name>ECMIQ ARRIVAL: LIRQ - LEBL</name>
<styleUrl>#arrival_schengen</styleUrl>
<LineString>
<tessellate>1</tessellate>
<coordinates>
11.201388888888888,43.80722222222222,0 2.0783333333333336,41.29666666666667,0
</coordinates>
</LineString>
</Placemark>
<Placemark>
<name>GEZBI ARRIVAL: EGGW - LEBL</name>
<styleUrl>#arrival_nonschengen</styleUrl>
<LineString>
<tessellate>1</tessellate>
<coordinates>
-0.3675,51.874722222222225,0 2.0783333333333336,41.29666666666667,0
</coordinates>
</LineString>
</Placemark>
<Placemark>
<name>ECMGZ ARRIVAL: LIPZ - LEBL</name>
<styleUrl>#arrival_schengen</styleUrl>
<LineString>
<tessellate>1</tessellate>
<coordinates>
12.350555555555555,45.505,0 2.0783333333333336,41.29666666666667,0
</coordinates>
</LineString>
</Placemark>
<Placemark>
<name>ECLQM ARRIVAL: EBBR - LEBL</name>
<styleUrl>#arrival_schengen</styleUrl>
<LineString>
<tessellate>1</tessellate>
<coordinates>
4.484444444444445,50.900555555555556,0 2.0783333333333336,41.29666666666667,0
</coordinates>
</LineString>
</Placemark>
<Placemark>
<name>GCELG ARRIVAL: EGCC - LEBL</name>
<styleUrl>#arrival_nonschengen</styleUrl>
<LineString>
<tessellate>1</tessellate>
<coordinates>
-2.2736111111111112,53.35388888888889,0 2.0783333333333336,41.29666666666667,0
</coordinates>
</LineString>
</Placemark>
<Placemark>
<name>GEZTA ARRIVAL: LFSB - LEBL</name>
<styleUrl>#arrival_schengen</styleUrl>
<LineString>
<tessellate>1</tessellate>
<coordinates>
7.529166666666667,47.59,0 2.0783333333333336,41.29666666666667,0
</coordinates>
</LineString>
</Placemark>
<Placemark>
<name>DAISG ARRIVAL: EDDF - LEBL</name>
<styleUrl>#arrival_schengen</styleUrl>
<LineString>
<tessellate>1</tessellate>
<coordinates>
8.570555555555556,50.033055555555556,0 2.0783333333333336,41.29666666666667,0
</coordinates>
</LineString>
</Placemark>
<Placemark>
<name>N900JG ARRIVAL: LLBG - LEBL</name>
<styleUrl>#arrival_nonschengen</styleUrl>
<LineString>
<tessellate>1</tessellate>
<coordinates>
34.88527777777778,32.00944444444445,0 2.0783333333333336,41.29666666666667,0
</coordinates>
</LineString>
</Placemark>
<Placemark>
<name>LNDYW ARRIVAL: EKCH - LEBL</name>
<styleUrl>#arrival_schengen</styleUrl>
<LineString>
<tessellate>1</tessellate>
<coordinates>
12.655833333333334,55.61805555555556,0 2.0783333333333336,41.29666666666667,0
</coordinates>
</LineString>
</Placemark>
<Placemark>
<name>GEZAT ARRIVAL: LFBD - LEBL</name>
<styleUrl>#arrival_schengen</styleUrl>
<LineString>
<tessellate>1</tessellate>
<coordinates>
-0.7144444444444444,44.828611111111115,0 2.0783333333333336,41.29666666666667,0
</coordinates>
</LineString>
</Placemark>
<Placemark>
<name>EIDHX ARRIVAL: LIPE - LEBL</name>
<styleUrl>#arrival_schengen</styleUrl>
<LineString>
<tessellate>1</tessellate>
<coordinates>
11.296666666666667,44.530833333333334,0 2.0783333333333336,41.29666666666667,0
</coordinates>
</LineString>
</Placemark>
<Placemark>
<name>CFIYE ARRIVAL: CYYZ - LEBL</name>
<styleUrl>#arrival_nonschengen</styleUrl>
<LineString>
<tessellate>1</tessellate>
<coordinates>
-79.62916666666666,43.676944444444445,0 2.0783333333333336,41.29666666666667,0
</coordinates>
</LineString>
</Placemark>
<Placemark>
<name>ECMJC ARRIVAL: LDSP - LEBL</name>
<styleUrl>#arrival_nonschengen</styleUrl>
<LineString>
<tessellate>1</tessellate>
<coordinates>
16.298055555555557,43.538333333333334,0 2.0783333333333336,41.29666666666667,0
</coordinates>
</LineString>
</Placemark>
<Placemark>
<name>ECKRH ARRIVAL: LEMH - LEBL</name>
<styleUrl>#arrival_schengen</styleUrl>
<LineString>
<tessellate>1</tessellate>
<coordinates>
4.2186111111111115,39.862500000000004,0 2.0783333333333336,41.29666666666667,0
</coordinates>
</LineString>
</Placemark>
<Placemark>
<name>HBJYI ARRIVAL: LSGG - LEBL</name>
<styleUrl>#arrival_schengen</styleUrl>
<LineString>
<tessellate>1</tessellate>
<coordinates>
6.108333333333333,46.23833333333334,0 2.0783333333333336,41.29666666666667,0
</coordinates>
</LineString>
</Placemark>
<Placemark>
<name>ECLQK ARRIVAL: LLBG - LEBL</name>
<styleUrl>#arrival_nonschengen</styleUrl>
<LineString>
<tessellate>1</tessellate>
<coordinates>
34.88527777777778,32.00944444444445,0 2.0783333333333336,41.29666666666667,0
</coordinates>
</LineString>
</Placemark>
<Placemark>
<name>ECMBE ARRIVAL: LSZH - LEBL</name>
<styleUrl>#arrival_schengen</styleUrl>
<LineString>
<tessellate>1</tessellate>
<coordinates>
8.547777777777778,47.45805555555556,0 2.0783333333333336,41.29666666666667,0
</coordinates>
</LineString>
</Placemark>
<Placemark>
<name>CNRGG ARRIVAL: GMMN - LEBL</name>
<styleUrl>#arrival_nonschengen</styleUrl>
<LineString>
<tessellate>1</tessellate>
<coordinates>
-7.5808333333333335,33.36416666666667,0 2.0783333333333336,41.29666666666667,0
</coordinates>
</LineString>
</Placemark>
<Placemark>
<name>ECMJR ARRIVAL: EGGW - LEBL</name>
<styleUrl>#arrival_nonschengen</styleUrl>
<LineString>
<tessellate>1</tessellate>
<coordinates>
-0.3675,51.874722222222225,0 2.0783333333333336,41.29666666666667,0
</coordinates>
</LineString>
</Placemark>
<Placemark>
<name>TSIMV ARRIVAL: DTTA - LEBL</name>
<styleUrl>#arrival_nonschengen</styleUrl>
<LineString>
<tessellate>1</tessellate>
<coordinates>
10.226944444444445,36.850833333333334,0 2.0783333333333336,41.29666666666667,0
</coordinates>
</LineString>
</Placemark>
<Placemark>
<name>ECLQL ARRIVAL: EDDM - LEBL</name>
<styleUrl>#arrival_schengen</styleUrl>
<LineString>
<tessellate>1</tessellate>
<coordinates>
11.786111111111111,48.35388888888889,0 2.0783333333333336,41.29666666666667,0
</coordinates>
</LineString>
</Placemark>
<Placemark>
<name>FF333 ARRIVAL: LFCK - LEBL</name>
<styleUrl>#arrival_schengen</styleUrl>
<LineString>
<tessellate>1</tessellate>
<coordinates>
2.290277777777778,43.55416666666667,0 2.0783333333333336,41.29666666666667,0
</coordinates>
</LineString>
</Placemark>
<Placemark>
<name>GGDFK ARRIVAL: EGNM - LEBL</name>
<styleUrl>#arrival_nonschengen</styleUrl>
<LineString>
<tessellate>1</tessellate>
<coordinates>
-1.6602777777777777,53.865833333333335,0 2.0783333333333336,41.29666666666667,0
</coordinates>
</LineString>
</Placemark>
<Placemark>
<name>ECLRG ARRIVAL: EDDP - LEBL</name>
<styleUrl>#arrival_schengen</styleUrl>
<LineString>
<tessellate>1</tessellate>
<coordinates>
12.235,51.42388888888889,0 2.0783333333333336,41.29666666666667,0
</coordinates>
</LineString>
</Placemark>
<Placemark>
<name>ECMBT ARRIVAL: LEPA - LEBL</name>
<styleUrl>#arrival_schengen</styleUrl>
<LineString>
<tessellate>1</tessellate>
<coordinates>
2.738888888888889,39.55027777777777,0 2.0783333333333336,41.29666666666667,0
</coordinates>
</LineString>
</Placemark>
<Placemark>
<name>N803NW ARRIVAL: KJFK - LEBL</name>
<styleUrl>#arrival_nonschengen</styleUrl>
<LineString>
<tessellate>1</tessellate>
<coordinates>
-73.77833333333334,40.64,0 2.0783333333333336,41.29666666666667,0
</coordinates>
</LineString>
</Placemark>
<Placemark>
<name>GEUYC ARRIVAL: EGLL - LEBL</name>
<styleUrl>#arrival_nonschengen</styleUrl>
<LineString>
<tessellate>1</tessellate>
<coordinates>
-0.4613888888888889,51.477222222222224,0 2.0783333333333336,41.29666666666667,0
</coordinates>
</LineString>
</Placemark>
<Placemark>
<name>N283AY ARRIVAL: KCLT - LEBL</name>
<styleUrl>#arrival_nonschengen</styleUrl>
<LineString>
<tessellate>1</tessellate>
<coordinates>
-80.95,35.21666666666667,0 2.0783333333333336,41.29666666666667,0
</coordinates>
</LineString>
</Placemark>
<Placemark>
<name>ECMGF ARRIVAL: EDDF - LEBL</name>
<styleUrl>#arrival_schengen</styleUrl>
<LineString>
<tessellate>1</tessellate>
<coordinates>
8.570555555555556,50.033055555555556,0 2.0783333333333336,41.29666666666667,0
</coordinates>
</LineString>
</Placemark>
<Placemark>
<name>ECMLD ARRIVAL: EHAM - LEBL</name>
<styleUrl>#arrival_schengen</styleUrl>
<LineString>
<tessellate>1</tessellate>
<coordinates>
4.764166666666667,52.30722222222222,0 2.0783333333333336,41.29666666666667,0
</coordinates>
</LineString>
</Placemark>
<Placemark>
<name>EIIMU ARRIVAL: LIML - LEBL</name>
<styleUrl>#arrival_schengen</styleUrl>
<LineString>
<tessellate>1</tessellate>
<coordinates>
9.278333333333334,45.448055555555555,0 2.0783333333333336,41.29666666666667,0
</coordinates>
</LineString>
</Placemark>
<Placemark>
<name>ECHUI ARRIVAL: LEMD - LEBL</name>
<styleUrl>#arrival_schengen</styleUrl>
<LineString>
<tessellate>1</tessellate>
<coordinates>
-3.5597222222222222,40.471944444444446,0 2.0783333333333336,41.29666666666667,0
</coordinates>
</LineString>
</Placemark>
<Placemark>
<name>ECLRN ARRIVAL: LFPG - LEBL</name>
<styleUrl>#arrival_schengen</styleUrl>
<LineString>
<tessellate>1</tessellate>
<coordinates>
2.5463888888888886,49.00972222222222,0 2.0783333333333336,41.29666666666667,0
</coordinates>
</LineString>
</Placemark>
<Placemark>
<name>GEZWZ ARRIVAL: EGKK - LEBL</name>
<styleUrl>#arrival_nonschengen</styleUrl>
<LineString>
<tessellate>1</tessellate>
<coordinates>
-0.18944444444444444,51.14805555555556,0 2.0783333333333336,41.29666666666667,0
</coordinates>
</LineString>
</Placemark>
<Placemark>
<name>CSTTV ARRIVAL: LPPT - LEBL</name>
<styleUrl>#arrival_schengen</styleUrl>
<LineString>
<tessellate>1</tessellate>
<coordinates>
-9.133055555555556,38.77388888888889,0 2.0783333333333336,41.29666666666667,0
</coordinates>
</LineString>
</Placemark>
<Placemark>
<name>PHBXP ARRIVAL: EHAM - LEBL</name>
<styleUrl>#arrival_schengen</styleUrl>
<LineString>
<tessellate>1</tessellate>
<coordinates>
4.764166666666667,52.30722222222222,0 2.0783333333333336,41.29666666666667,0
</coordinates>
</LineString>
</Placemark>
<Placemark>
<name>ECJGM ARRIVAL: LEBB - LEBL</name>
<styleUrl>#arrival_schengen</styleUrl>
<LineString>
<tessellate>1</tessellate>
<coordinates>
-2.9097222222222223,43.29972222222222,0 2.0783333333333336,41.29666666666667,0
</coordinates>
</LineString>
</Placemark>
<Placemark>
<name>CFDAT ARRIVAL: CYUL - LEBL</name>
<styleUrl>#arrival_nonschengen</styleUrl>
<LineString>
<tessellate>1</tessellate>
<coordinates>
-73.74138888888889,45.46805555555556,0 2.0783333333333336,41.29666666666667,0
</coordinates>
</LineString>
</Placemark>
<Placemark>
<name>EIDHG ARRIVAL: EDDH - LEBL</name>
<styleUrl>#arrival_schengen</styleUrl>
<LineString>
<tessellate>1</tessellate>
<coordinates>
9.986944444444443,53.63,0 2.0783333333333336,41.29666666666667,0
</coordinates>
</LineString>
</Placemark>
<Placemark>
<name>EIFJP ARRIVAL: LEBB - LEBL</name>
<styleUrl>#arrival_schengen</styleUrl>
<LineString>
<tessellate>1</tessellate>
<coordinates>
-2.9097222222222223,43.29972222222222,0 2.0783333333333336,41.29666666666667,0
</coordinates>
</LineString>
</Placemark>
<Placemark>
<name>ECHQI ARRIVAL: LIRF - LEBL</name>
<styleUrl>#arrival_schengen</styleUrl>
<LineString>
<tessellate>1</tessellate>
<coordinates>
12.238888888888889,41.79888888888889,0 2.0783333333333336,41.29666666666667,0
</coordinates>
</LineString>
</Placemark>
<Placemark>
<name>CGTSW ARRIVAL: CYYZ - LEBL</name>
<styleUrl>#arrival_nonschengen</styleUrl>
<LineString>
<tessellate>1</tessellate>
<coordinates>
-79.62916666666666,43.676944444444445,0 2.0783333333333336,41.29666666666667,0
</coordinates>
</LineString>
</Placemark>
<Placemark>
<name>ECLZO ARRIVAL: EGKK - LEBL</name>
<styleUrl>#arrival_nonschengen</styleUrl>
<LineString>
<tessellate>1</tessellate>
<coordinates>
-0.18944444444444444,51.14805555555556,0 2.0783333333333336,41.29666666666667,0
</coordinates>
</LineString>
</Placemark>
<Placemark>
<name>N76062 ARRIVAL: KIAD - LEBL</name>
<styleUrl>#arrival_nonschengen</styleUrl>
<LineString>
<tessellate>1</tessellate>
<coordinates>
-77.4563888888889,38.94361111111111,0 2.0783333333333336,41.29666666666667,0
</coordinates>
</LineString>
</Placemark>
<Placemark>
<name>FA123 ARRIVAL: LEBB - LEBL</name>
<styleUrl>#arrival_schengen</styleUrl>
<LineString>
<tessellate>1</tessellate>
<coordinates>
-2.9097222222222223,43.29972222222222,0 2.0783333333333336,41.29666666666667,0
</coordinates>
</LineString>
</Placemark>
<Placemark>
<name>URPSS ARRIVAL: UKBB - LEBL</name>
<styleUrl>#arrival_nonschengen</styleUrl>
<LineString>
<tessellate>1</tessellate>
<coordinates>
30.893333333333334,50.344722222222224,0 2.0783333333333336,41.29666666666667,0
</coordinates>
</LineString>
</Placemark>
<Placemark>
<name>4XELD ARRIVAL: LLBG - LEBL</name>
<styleUrl>#arrival_nonschengen</styleUrl>
<LineString>
<tessellate>1</tessellate>
<coordinates>
34.88527777777778,32.00944444444445,0 2.0783333333333336,41.29666666666667,0
</coordinates>
</LineString>
</Placemark>
<Placemark>
<name>EIEBA ARRIVAL: EGNX - LEBL</name>
<styleUrl>#arrival_nonschengen</styleUrl>
<LineString>
<tessellate>1</tessellate>
<coordinates>
-1.3272222222222223,52.83111111111111,0 2.0783333333333336,41.29666666666667,0
</coordinates>
</LineString>
</Placemark>
<Placemark>
<name>ECLZE ARRIVAL: LFQQ - LEBL</name>
<styleUrl>#arrival_schengen</styleUrl>
<LineString>
<tessellate>1</tessellate>
<coordinates>
3.0869444444444447,50.5625,0 2.0783333333333336,41.29666666666667,0
</coordinates>
</LineString>
</Placemark>
<Placemark>
<name>DAISW ARRIVAL: EDDF - LEBL</name>
<styleUrl>#arrival_schengen</styleUrl>
<LineString>
<tessellate>1</tessellate>
<coordinates>
8.570555555555556,50.033055555555556,0 2.0783333333333336,41.29666666666667,0
</coordinates>
</LineString>
</Placemark>
<Placemark>
<name>PHXRX ARRIVAL: EHEH - LEBL</name>
<styleUrl>#arrival_schengen</styleUrl>
<LineString>
<tessellate>1</tessellate>
<coordinates>
5.373055555555555,51.45,0 2.0783333333333336,41.29666666666667,0
</coordinates>
</LineString>
</Placemark>
<Placemark>
<name>TCJVM ARRIVAL: LTFJ - LEBL</name>
<styleUrl>#arrival_nonschengen</styleUrl>
<LineString>
<tessellate>1</tessellate>
<coordinates>
29.30888888888889,40.89833333333333,0 2.0783333333333336,41.29666666666667,0
</coordinates>
</LineString>
</Placemark>
<Placemark>
<name>ECLVP ARRIVAL: LKPR - LEBL</name>
<styleUrl>#arrival_schengen</styleUrl>
<LineString>
<tessellate>1</tessellate>
<coordinates>
14.259722222222223,50.100833333333334,0 2.0783333333333336,41.29666666666667,0
</coordinates>
</LineString>
</Placemark>
<Placemark>
<name>URPSO ARRIVAL: UKBB - LEBL</name>
<styleUrl>#arrival_nonschengen</styleUrl>
<LineString>
<tessellate>1</tessellate>
<coordinates>
30.893333333333334,50.344722222222224,0 2.0783333333333336,41.29666666666667,0
</coordinates>
</LineString>
</Placemark>
<Placemark>
<name>ECLRM ARRIVAL: EGBB - LEBL</name>
<styleUrl>#arrival_nonschengen</styleUrl>
<LineString>
<tessellate>1</tessellate>
<coordinates>
-1.7480555555555557,52.45388888888889,0 2.0783333333333336,41.29666666666667,0
</coordinates>
</LineString>
</Placemark>
<Placemark>
<name>ECLML ARRIVAL: LEMH - LEBL</name>
<styleUrl>#arrival_schengen</styleUrl>
<LineString>
<tessellate>1</tessellate>
<coordinates>
4.2186111111111115,39.862500000000004,0 2.0783333333333336,41.29666666666667,0
</coordinates>
</LineString>
</Placemark>
<Placemark>
<name>ECMEQ ARRIVAL: LEIB - LEBL</name>
<styleUrl>#arrival_schengen</styleUrl>
<LineString>
<tessellate>1</tessellate>
<coordinates>
1.3730555555555557,38.8725,0 2.0783333333333336,41.29666666666667,0
</coordinates>
</LineString>
</Placemark>
<Placemark>
<name>A7AEC ARRIVAL: OTHH - LEBL</name>
<styleUrl>#arrival_nonschengen</styleUrl>
<LineString>
<tessellate>1</tessellate>
<coordinates>
51.608333333333334,25.274444444444445,0 2.0783333333333336,41.29666666666667,0
</coordinates>
</LineString>
</Placemark>
<Placemark>
<name>LNDYB ARRIVAL: ESGG - LEBL</name>
<styleUrl>#arrival_schengen</styleUrl>
<LineString>
<tessellate>1</tessellate>
<coordinates>
12.290833333333333,57.659444444444446,0 2.0783333333333336,41.29666666666667,0
</coordinates>
</LineString>
</Placemark>
<Placemark>
<name>A6EOP ARRIVAL: OMDB - LEBL</name>
<styleUrl>#arrival_nonschengen</styleUrl>
<LineString>
<tessellate>1</tessellate>
<coordinates>
55.359722222222224,25.249166666666667,0 2.0783333333333336,41.29666666666667,0
</coordinates>
</LineString>
</Placemark>
<Placemark>
<name>DAKNQ ARRIVAL: EDDT - LEBL</name>
<styleUrl>#arrival_schengen</styleUrl>
<LineString>
<tessellate>1</tessellate>
<coordinates>
13.287777777777778,52.559444444444445,0 2.0783333333333336,41.29666666666667,0
</coordinates>
</LineString>
</Placemark>
<Placemark>
<name>DAGWE ARRIVAL: EDDH - LEBL</name>
<styleUrl>#arrival_schengen</styleUrl>
<LineString>
<tessellate>1</tessellate>
<coordinates>
9.986944444444443,53.63,0 2.0783333333333336,41.29666666666667,0
</coordinates>
</LineString>
</Placemark>
<Placemark>
<name>DCARO ARRIVAL: LEVC - LEBL</name>
<styleUrl>#arrival_schengen</styleUrl>
<LineString>
<tessellate>1</tessellate>
<coordinates>
-0.4816666666666667,39.489444444444445,0 2.0783333333333336,41.29666666666667,0
</coordinates>
</LineString>
</Placemark>
<Placemark>
<name>OKNEN ARRIVAL: LKPR - LEBL</name>
<styleUrl>#arrival_schengen</styleUrl>
<LineString>
<tessellate>1</tessellate>
<coordinates>
14.259722222222223,50.100833333333334,0 2.0783333333333336,41.29666666666667,0
</coordinates>
</LineString>
</Placemark>
<Placemark>
<name>LXLQB ARRIVAL: ELLX - LEBL</name>
<styleUrl>#arrival_schengen</styleUrl>
<LineString>
<tessellate>1</tessellate>
<coordinates>
6.203055555555555,49.623333333333335,0 2.0783333333333336,41.29666666666667,0
</coordinates>
</LineString>
</Placemark>
<Placemark>
<name>EIENL ARRIVAL: GMMX - LEBL</name>
<styleUrl>#arrival_nonschengen</styleUrl>
<LineString>
<tessellate>1</tessellate>
<coordinates>
-8.040833333333333,31.608611111111113,0 2.0783333333333336,41.29666666666667,0
</coordinates>
</LineString>
</Placemark>
<Placemark>
<name>TCJHZ ARRIVAL: LTBA - LEBL</name>
<styleUrl>#arrival_nonschengen</styleUrl>
<LineString>
<tessellate>1</tessellate>
<coordinates>
28.81416666666667,40.976111111111116,0 2.0783333333333336,41.29666666666667,0
</coordinates>
</LineString>
</Placemark>
<Placemark>
<name>EIFRH ARRIVAL: LEPA - LEBL</name>
<styleUrl>#arrival_schengen</styleUrl>
<LineString>
<tessellate>1</tessellate>
<coordinates>
2.738888888888889,39.55027777777777,0 2.0783333333333336,41.29666666666667,0
</coordinates>
</LineString>
</Placemark>
<Placemark>
<name>GEZUM ARRIVAL: LFMN - LEBL</name>
<styleUrl>#arrival_schengen</styleUrl>
<LineString>
<tessellate>1</tessellate>
<coordinates>
7.214166666666667,43.664722222222224,0 2.0783333333333336,41.29666666666667,0
</coordinates>
</LineString>
</Placemark>
<Placemark>
<name>CSTTK ARRIVAL: LPPT - LEBL</name>
<styleUrl>#arrival_schengen</styleUrl>
<LineString>
<tessellate>1</tessellate>
<coordinates>
-9.133055555555556,38.77388888888889,0 2.0783333333333336,41.29666666666667,0
</coordinates>
</LineString>
</Placemark>
<Placemark>
<name>EIDHT ARRIVAL: EYVI - LEBL</name>
<styleUrl>#arrival_schengen</styleUrl>
<LineString>
<tessellate>1</tessellate>
<coordinates>
25.28777777777778,54.636944444444445,0 2.0783333333333336,41.29666666666667,0
</coordinates>
</LineString>
</Placemark>
<Placemark>
<name>TCCPG ARRIVAL: LTFJ - LEBL</name>
<styleUrl>#arrival_nonschengen</styleUrl>
<LineString>
<tessellate>1</tessellate>
<coordinates>
29.30888888888889,40.89833333333333,0 2.0783333333333336,41.29666666666667,0
</coordinates>
</LineString>
</Placemark>
<Placemark>
<name>ECLZF ARRIVAL: LEAM - LEBL</name>
<styleUrl>#arrival_schengen</styleUrl>
<LineString>
<tessellate>1</tessellate>
<coordinates>
-2.37,36.84388888888889,0 2.0783333333333336,41.29666666666667,0
</coordinates>
</LineString>
</Placemark>
<Placemark>
<name>ECIXD ARRIVAL: LEMD - LEBL</name>
<styleUrl>#arrival_schengen</styleUrl>
<LineString>
<tessellate>1</tessellate>
<coordinates>
-3.5597222222222222,40.471944444444446,0 2.0783333333333336,41.29666666666667,0
</coordinates>
</LineString>
</Placemark>
<Placemark>
<name>ECMHA ARRIVAL: LIMC - LEBL</name>
<styleUrl>#arrival_schengen</styleUrl>
<LineString>
<tessellate>1</tessellate>
<coordinates>
8.723055555555556,45.63,0 2.0783333333333336,41.29666666666667,0
</coordinates>
</LineString>
</Placemark>
<Placemark>
<name>SUGCE ARRIVAL: HECA - LEBL</name>
<styleUrl>#arrival_nonschengen</styleUrl>
<LineString>
<tessellate>1</tessellate>
<coordinates>
31.412499999999998,30.11138888888889,0 2.0783333333333336,41.29666666666667,0
</coordinates>
</LineString>
</Placemark>
<Placemark>
<name>SXABE ARRIVAL: LFRN - LEBL</name>
<styleUrl>#arrival_schengen</styleUrl>
<LineString>
<tessellate>1</tessellate>
<coordinates>
-1.7322222222222223,48.07194444444445,0 2.0783333333333336,41.29666666666667,0
</coordinates>
</LineString>
</Placemark>
<Placemark>
<name>HBIOM ARRIVAL: LSZH - LEBL</name>
<styleUrl>#arrival_schengen</styleUrl>
<LineString>
<tessellate>1</tessellate>
<coordinates>
8.547777777777778,47.45805555555556,0 2.0783333333333336,41.29666666666667,0
</coordinates>
</LineString>
</Placemark>
<Placemark>
<name>GEUUY ARRIVAL: EGLL - LEBL</name>
<styleUrl>#arrival_nonschengen</styleUrl>
<LineString>
<tessellate>1</tessellate>
<coordinates>
-0.4613888888888889,51.477222222222224,0 2.0783333333333336,41.29666666666667,0
</coordinates>
</LineString>
</Placemark>
<Placemark>
<name>ECMEA ARRIVAL: GMFF - LEBL</name>
<styleUrl>#arrival_nonschengen</styleUrl>
<LineString>
<tessellate>1</tessellate>
<coordinates>
-4.977777777777778,33.926944444444445,0 2.0783333333333336,41.29666666666667,0
</coordinates>
</LineString>
</Placemark>
<Placemark>
<name>ECLTG ARRIVAL: ETNL - LEBL</name>
<styleUrl>#arrival_nonschengen</styleUrl>
<LineString>
<tessellate>1</tessellate>
<coordinates>
12.278333333333334,53.91861111111111,0 2.0783333333333336,41.29666666666667,0
</coordinates>
</LineString>
</Placemark>
<Placemark>
<name>DAIRA ARRIVAL: EDDM - LEBL</name>
<styleUrl>#arrival_schengen</styleUrl>
<LineString>
<tessellate>1</tessellate>
<coordinates>
11.786111111111111,48.35388888888889,0 2.0783333333333336,41.29666666666667,0
</coordinates>
</LineString>
</Placemark>
<Placemark>
<name>ECJYX ARRIVAL: EHAM - LEBL</name>
<styleUrl>#arrival_schengen</styleUrl>
<LineString>
<tessellate>1</tessellate>
<coordinates>
4.764166666666667,52.30722222222222,0 2.0783333333333336,41.29666666666667,0
</coordinates>
</LineString>
</Placemark>
<Placemark>
<name>ECLUN ARRIVAL: LIMF - LEBL</name>
<styleUrl>#arrival_schengen</styleUrl>
<LineString>
<tessellate>1</tessellate>
<coordinates>
7.648055555555555,45.2025,0 2.0783333333333336,41.29666666666667,0
</coordinates>
</LineString>
</Placemark>
<Placemark>
<name>GEZPL ARRIVAL: EGKK - LEBL</name>
<styleUrl>#arrival_nonschengen</styleUrl>
<LineString>
<tessellate>1</tessellate>
<coordinates>
-0.18944444444444444,51.14805555555556,0 2.0783333333333336,41.29666666666667,0
</coordinates>
</LineString>
</Placemark>
<Placemark>
<name>EIFJN ARRIVAL: EDDB - LEBL</name>
<styleUrl>#arrival_schengen</styleUrl>
<LineString>
<tessellate>1</tessellate>
<coordinates>
13.500555555555556,52.36194444444445,0 2.0783333333333336,41.29666666666667,0
</coordinates>
</LineString>
</Placemark>
<Placemark>
<name>PHXRD ARRIVAL: EHAM - LEBL</name>
<styleUrl>#arrival_schengen</styleUrl>
<LineString>
<tessellate>1</tessellate>
<coordinates>
4.764166666666667,52.30722222222222,0 2.0783333333333336,41.29666666666667,0
</coordinates>
</LineString>
</Placemark>
<Placemark>
<name>ECLXV ARRIVAL: LEPA - LEBL</name>
<styleUrl>#arrival_schengen</styleUrl>
<LineString>
<tessellate>1</tessellate>
<coordinates>
2.738888888888889,39.55027777777777,0 2.0783333333333336,41.29666666666667,0
</coordinates>
</LineString>
</Placemark>
<Placemark>
<name>ECLOB ARRIVAL: LEMG - LEBL</name>
<styleUrl>#arrival_schengen</styleUrl>
<LineString>
<tessellate>1</tessellate>
<coordinates>
-4.497777777777777,36.67388888888889,0 2.0783333333333336,41.29666666666667,0
</coordinates>
</LineString>
</Placemark>
<Placemark>
<name>ECMGE ARRIVAL: LEBB - LEBL</name>
<styleUrl>#arrival_schengen</styleUrl>
<LineString>
<tessellate>1</tessellate>
<coordinates>
-2.9097222222222223,43.29972222222222,0 2.0783333333333336,41.29666666666667,0
</coordinates>
</LineString>
</Placemark>
<Placemark>
<name>OOSSW ARRIVAL: EBBR - LEBL</name>
<styleUrl>#arrival_schengen</styleUrl>
<LineString>
<tessellate>1</tessellate>
<coordinates>
4.484444444444445,50.900555555555556,0 2.0783333333333336,41.29666666666667,0
</coordinates>
</LineString>
</Placemark>
<Placemark>
<name>GEUYB ARRIVAL: EGKK - LEBL</name>
<styleUrl>#arrival_nonschengen</styleUrl>
<LineString>
<tessellate>1</tessellate>
<coordinates>
-0.18944444444444444,51.14805555555556,0 2.0783333333333336,41.29666666666667,0
</coordinates>
</LineString>
</Placemark>
<Placemark>
<name>DAISE ARRIVAL: EDDF - LEBL</name>
<styleUrl>#arrival_schengen</styleUrl>
<LineString>
<tessellate>1</tessellate>
<coordinates>
8.570555555555556,50.033055555555556,0 2.0783333333333336,41.29666666666667,0
</coordinates>
</LineString>
</Placemark>
<Placemark>
<name>N969AV ARRIVAL: SKBO - LEBL</name>
<styleUrl>#arrival_nonschengen</styleUrl>
<LineString>
<tessellate>1</tessellate>
<coordinates>
-74.15,4.7,0 2.0783333333333336,41.29666666666667,0
</coordinates>
</LineString>
</Placemark>
<Placemark>
<name>A6AIN ARRIVAL: EGLL - LEBL</name>
<styleUrl>#arrival_nonschengen</styleUrl>
<LineString>
<tessellate>1</tessellate>
<coordinates>
-0.4613888888888889,51.477222222222224,0 2.0783333333333336,41.29666666666667,0
</coordinates>
</LineString>
</Placemark>
<Placemark>
<name>EIFIY ARRIVAL: LIRF - LEBL</name>
<styleUrl>#arrival_schengen</styleUrl>
<LineString>
<tessellate>1</tessellate>
<coordinates>
12.238888888888889,41.79888888888889,0 2.0783333333333336,41.29666666666667,0
</coordinates>
</LineString>
</Placemark>
<Placemark>
<name>ECHUH ARRIVAL: LEMD - LEBL</name>
<styleUrl>#arrival_schengen</styleUrl>
<LineString>
<tessellate>1</tessellate>
<coordinates>
-3.5597222222222222,40.471944444444446,0 2.0783333333333336,41.29666666666667,0
</coordinates>
</LineString>
</Placemark>
<Placemark>
<name>ECHOB ARRIVAL: LYTV - LEBL</name>
<styleUrl>#arrival_nonschengen</styleUrl>
<LineString>
<tessellate>1</tessellate>
<coordinates>
18.721944444444443,42.40416666666667,0 2.0783333333333336,41.29666666666667,0
</coordinates>
</LineString>
</Placemark>
<Placemark>
<name>EIDAE ARRIVAL: LIMF - LEBL</name>
<styleUrl>#arrival_schengen</styleUrl>
<LineString>
<tessellate>1</tessellate>
<coordinates>
7.648055555555555,45.2025,0 2.0783333333333336,41.29666666666667,0
</coordinates>
</LineString>
</Placemark>
<Placemark>
<name>ECLRY ARRIVAL: LFPO - LEBL</name>
<styleUrl>#arrival_schengen</styleUrl>
<LineString>
<tessellate>1</tessellate>
<coordinates>
2.3794444444444447,48.723333333333336,0 2.0783333333333336,41.29666666666667,0
</coordinates>
</LineString>
</Placemark>
<Placemark>
<name>EIENO ARRIVAL: LEMG - LEBL</name>
<styleUrl>#arrival_schengen</styleUrl>
<LineString>
<tessellate>1</tessellate>
<coordinates>
-4.497777777777777,36.67388888888889,0 2.0783333333333336,41.29666666666667,0
</coordinates>
</LineString>
</Placemark>
<Placemark>
<name>EIDWK ARRIVAL: LIPH - LEBL</name>
<styleUrl>#arrival_schengen</styleUrl>
<LineString>
<tessellate>1</tessellate>
<coordinates>
12.197777777777778,45.650555555555556,0 2.0783333333333336,41.29666666666667,0
</coordinates>
</LineString>
</Placemark>
<Placemark>
<name>ECJTR ARRIVAL: LFSB - LEBL</name>
<styleUrl>#arrival_schengen</styleUrl>
<LineString>
<tessellate>1</tessellate>
<coordinates>
7.529166666666667,47.59,0 2.0783333333333336,41.29666666666667,0
</coordinates>
</LineString>
</Placemark>
<Placemark>
<name>ECMGF ARRIVAL: LEMH - LEBL</name>
<styleUrl>#arrival_schengen</styleUrl>
<LineString>
<tessellate>1</tessellate>
<coordinates>
4.2186111111111115,39.862500000000004,0 2.0783333333333336,41.29666666666667,0
</coordinates>
</LineString>
</Placemark>
<Placemark>
<name>EIFJL ARRIVAL: ENBR - LEBL</name>
<styleUrl>#arrival_schengen</styleUrl>
<LineString>
<tessellate>1</tessellate>
<coordinates>
5.218055555555556,60.29361111111111,0 2.0783333333333336,41.29666666666667,0
</coordinates>
</LineString>
</Placemark>
<Placemark>
<name>ECLST ARRIVAL: LEMH - LEBL</name>
<styleUrl>#arrival_schengen</styleUrl>
<LineString>
<tessellate>1</tessellate>
<coordinates>
4.2186111111111115,39.862500000000004,0 2.0783333333333336,41.29666666666667,0
</coordinates>
</LineString>
</Placemark>
<Placemark>
<name>EK111 ARRIVAL: LSZG - LEBL</name>
<styleUrl>#arrival_schengen</styleUrl>
<LineString>
<tessellate>1</tessellate>
<coordinates>
7.416388888888889,47.18138888888889,0 2.0783333333333336,41.29666666666667,0
</coordinates>
</LineString>
</Placemark>
<Placemark>
<name>ECMGY ARRIVAL: EPWA - LEBL</name>
<styleUrl>#arrival_schengen</styleUrl>
<LineString>
<tessellate>1</tessellate>
<coordinates>
20.96638888888889,52.16555555555556,0 2.0783333333333336,41.29666666666667,0
</coordinates>
</LineString>
</Placemark>
<Placemark>
<name>EIDAM ARRIVAL: EGSS - LEBL</name>
<styleUrl>#arrival_nonschengen</styleUrl>
<LineString>
<tessellate>1</tessellate>
<coordinates>
0.23500000000000001,51.88472222222222,0 2.0783333333333336,41.29666666666667,0
</coordinates>
</LineString>
</Placemark>
<Placemark>
<name>EIFJM ARRIVAL: ESSA - LEBL</name>
<styleUrl>#arrival_schengen</styleUrl>
<LineString>
<tessellate>1</tessellate>
<coordinates>
17.91861111111111,59.651944444444446,0 2.0783333333333336,41.29666666666667,0
</coordinates>
</LineString>
</Placemark>
<Placemark>
<name>DAISR ARRIVAL: EDDF - LEBL</name>
<styleUrl>#arrival_schengen</styleUrl>
<LineString>
<tessellate>1</tessellate>
<coordinates>
8.570555555555556,50.033055555555556,0 2.0783333333333336,41.29666666666667,0
</coordinates>
</LineString>
</Placemark>
<Placemark>
<name>CSTTN ARRIVAL: LPPT - LEBL</name>
<styleUrl>#arrival_schengen</styleUrl>
<LineString>
<tessellate>1</tessellate>
<coordinates>
-9.133055555555556,38.77388888888889,0 2.0783333333333336,41.29666666666667,0
</coordinates>
</LineString>
</Placemark>
<Placemark>
<name>EIDCJ ARRIVAL: LIME - LEBL</name>
<styleUrl>#arrival_schengen</styleUrl>
<LineString>
<tessellate>1</tessellate>
<coordinates>
9.699722222222222,45.66861111111111,0 2.0783333333333336,41.29666666666667,0
</coordinates>
</LineString>
</Placemark>
<Placemark>
<name>OYRUP ARRIVAL: GCXO - LEBL</name>
<styleUrl>#arrival_nonschengen</styleUrl>
<LineString>
<tessellate>1</tessellate>
<coordinates>
-16.34111111111111,28.481388888888887,0 2.0783333333333336,41.29666666666667,0
</coordinates>
</LineString>
</Placemark>
<Placemark>
<name>ECIVJ ARRIVAL: LEIB - LEBL</name>
<styleUrl>#arrival_schengen</styleUrl>
<LineString>
<tessellate>1</tessellate>
<coordinates>
1.3730555555555557,38.8725,0 2.0783333333333336,41.29666666666667,0
</coordinates>
</LineString>
</Placemark>
<Placemark>
<name>EIEFW ARRIVAL: EBBR - LEBL</name>
<styleUrl>#arrival_schengen</styleUrl>
<LineString>
<tessellate>1</tessellate>
<coordinates>
4.484444444444445,50.900555555555556,0 2.0783333333333336,41.29666666666667,0
</coordinates>
</LineString>
</Placemark>
<Placemark>
<name>LVCSX ARRIVAL: SAEZ - LEBL</name>
<styleUrl>#arrival_nonschengen</styleUrl>
<LineString>
<tessellate>1</tessellate>
<coordinates>
-58.53527777777778,-34.82222222222222,0 2.0783333333333336,41.29666666666667,0
</coordinates>
</LineString>
</Placemark>
<Placemark>
<name>PHBXG ARRIVAL: EHAM - LEBL</name>
<styleUrl>#arrival_schengen</styleUrl>
<LineString>
<tessellate>1</tessellate>
<coordinates>
4.764166666666667,52.30722222222222,0 2.0783333333333336,41.29666666666667,0
</coordinates>
</LineString>
</Placemark>
<Placemark>
<name>LYVEO ARRIVAL: LEST - LEBL</name>
<styleUrl>#arrival_schengen</styleUrl>
<LineString>
<tessellate>1</tessellate>
<coordinates>
-8.415277777777778,42.895833333333336,0 2.0783333333333336,41.29666666666667,0
</coordinates>
</LineString>
</Placemark>
<Placemark>
<name>ECMJZ ARRIVAL: LEBZ - LEBL</name>
<styleUrl>#arrival_schengen</styleUrl>
<LineString>
<tessellate>1</tessellate>
<coordinates>
-6.819999999999999,38.89138888888889,0 2.0783333333333336,41.29666666666667,0
</coordinates>
</LineString>
</Placemark>
<Placemark>
<name>VQBBG ARRIVAL: UUEE - LEBL</name>
<styleUrl>#arrival_nonschengen</styleUrl>
<LineString>
<tessellate>1</tessellate>
<coordinates>
37.4125,55.972500000000004,0 2.0783333333333336,41.29666666666667,0
</coordinates>
</LineString>
</Placemark>
<Placemark>
<name>PTMSV ARRIVAL: SBGR - LEBL</name>
<styleUrl>#arrival_nonschengen</styleUrl>
<LineString>
<tessellate>1</tessellate>
<coordinates>
-46.469722222222224,-23.433333333333334,0 2.0783333333333336,41.29666666666667,0
</coordinates>
</LineString>
</Placemark>
<Placemark>
<name>HBJYL ARRIVAL: LSGG - LEBL</name>
<styleUrl>#arrival_schengen</styleUrl>
<LineString>
<tessellate>1</tessellate>
<coordinates>
6.108333333333333,46.23833333333334,0 2.0783333333333336,41.29666666666667,0
</coordinates>
</LineString>
</Placemark>
<Placemark>
<name>ECJPF ARRIVAL: LEMD - LEBL</name>
<styleUrl>#arrival_schengen</styleUrl>
<LineString>
<tessellate>1</tessellate>
<coordinates>
-3.5597222222222222,40.471944444444446,0 2.0783333333333336,41.29666666666667,0
</coordinates>
</LineString>
</Placemark>
<Placemark>
<name>EIFJP ARRIVAL: LEPA - LEBL</name>
<styleUrl>#arrival_schengen</styleUrl>
<LineString>
<tessellate>1</tessellate>
<coordinates>
2.738888888888889,39.55027777777777,0 2.0783333333333336,41.29666666666667,0
</coordinates>
</LineString>
</Placemark>
<Placemark>
<name>HBJXE ARRIVAL: LFSB - LEBL</name>
<styleUrl>#arrival_schengen</styleUrl>
<LineString>
<tessellate>1</tessellate>
<coordinates>
7.529166666666667,47.59,0 2.0783333333333336,41.29666666666667,0
</coordinates>
</LineString>
</Placemark>
<Placemark>
<name>CNNMH ARRIVAL: GMMN - LEBL</name>
<styleUrl>#arrival_nonschengen</styleUrl>
<LineString>
<tessellate>1</tessellate>
<coordinates>
-7.5808333333333335,33.36416666666667,0 2.0783333333333336,41.29666666666667,0
</coordinates>
</LineString>
</Placemark>
<Placemark>
<name>ECLML ARRIVAL: LEPA - LEBL</name>
<styleUrl>#arrival_schengen</styleUrl>
<LineString>
<tessellate>1</tessellate>
<coordinates>
2.738888888888889,39.55027777777777,0 2.0783333333333336,41.29666666666667,0
</coordinates>
</LineString>
</Placemark>
<Placemark>
<name>ECJNI ARRIVAL: LEMD - LEBL</name>
<styleUrl>#arrival_schengen</styleUrl>
<LineString>
<tessellate>1</tessellate>
<coordinates>
-3.5597222222222222,40.471944444444446,0 2.0783333333333336,41.29666666666667,0
</coordinates>
</LineString>
</Placemark>
<Placemark>
<name>ECMKV ARRIVAL: ELLX - LEBL</name>
<styleUrl>#arrival_schengen</styleUrl>
<LineString>
<tessellate>1</tessellate>
<coordinates>
6.203055555555555,49.623333333333335,0 2.0783333333333336,41.29666666666667,0
</coordinates>
</LineString>
</Placemark>
<Placemark>
<name>ECJGM ARRIVAL: LEBB - LEBL</name>
<styleUrl>#arrival_schengen</styleUrl>
<LineString>
<tessellate>1</tessellate>
<coordinates>
-2.9097222222222223,43.29972222222222,0 2.0783333333333336,41.29666666666667,0
</coordinates>
</LineString>
</Placemark>
<Placemark>
<name>ECMBK ARRIVAL: LEJR - LEBL</name>
<styleUrl>#arrival_schengen</styleUrl>
<LineString>
<tessellate>1</tessellate>
<coordinates>
-6.0586111111111105,36.74472222222222,0 2.0783333333333336,41.29666666666667,0
</coordinates>
</LineString>
</Placemark>
<Placemark>
<name>EIFJK ARRIVAL: EFHK - LEBL</name>
<styleUrl>#arrival_schengen</styleUrl>
<LineString>
<tessellate>1</tessellate>
<coordinates>
24.963055555555556,60.31722222222223,0 2.0783333333333336,41.29666666666667,0
</coordinates>
</LineString>
</Placemark>
<Placemark>
<name>ECMBF ARRIVAL: EDDN - LEBL</name>
<styleUrl>#arrival_schengen</styleUrl>
<LineString>
<tessellate>1</tessellate>
<coordinates>
11.0775,49.498333333333335,0 2.0783333333333336,41.29666666666667,0
</coordinates>
</LineString>
</Placemark>
<Placemark>
<name>ECMLE ARRIVAL: EHEH - LEBL</name>
<styleUrl>#arrival_schengen</styleUrl>
<LineString>
<tessellate>1</tessellate>
<coordinates>
5.373055555555555,51.45,0 2.0783333333333336,41.29666666666667,0
</coordinates>
</LineString>
</Placemark>
<Placemark>
<name>ECMHB ARRIVAL: EDDS - LEBL</name>
<styleUrl>#arrival_schengen</styleUrl>
<LineString>
<tessellate>1</tessellate>
<coordinates>
9.221944444444444,48.68861111111111,0 2.0783333333333336,41.29666666666667,0
</coordinates>
</LineString>
</Placemark>
<Placemark>
<name>TCJIP ARRIVAL: LTBA - LEBL</name>
<styleUrl>#arrival_nonschengen</styleUrl>
<LineString>
<tessellate>1</tessellate>
<coordinates>
28.81416666666667,40.976111111111116,0 2.0783333333333336,41.29666666666667,0
</coordinates>
</LineString>
</Placemark>
<Placemark>
<name>TCDCF ARRIVAL: LTFJ - LEBL</name>
<styleUrl>#arrival_nonschengen</styleUrl>
<LineString>
<tessellate>1</tessellate>
<coordinates>
29.30888888888889,40.89833333333333,0 2.0783333333333336,41.29666666666667,0
</coordinates>
</LineString>
</Placemark>
<Placemark>
<name>ECLZN ARRIVAL: EGNT - LEBL</name>
<styleUrl>#arrival_nonschengen</styleUrl>
<LineString>
<tessellate>1</tessellate>
<coordinates>
-1.6897222222222223,55.0375,0 2.0783333333333336,41.29666666666667,0
</coordinates>
</LineString>
</Placemark>
<Placemark>
<name>IBIXS ARRIVAL: LIRF - LEBL</name>
<styleUrl>#arrival_schengen</styleUrl>
<LineString>
<tessellate>1</tessellate>
<coordinates>
12.238888888888889,41.79888888888889,0 2.0783333333333336,41.29666666666667,0
</coordinates>
</LineString>
</Placemark>
<Placemark>
<name>VPBAS ARRIVAL: UUDD - LEBL</name>
<styleUrl>#arrival_nonschengen</styleUrl>
<LineString>
<tessellate>1</tessellate>
<coordinates>
37.905833333333334,55.408055555555556,0 2.0783333333333336,41.29666666666667,0
</coordinates>
</LineString>
</Placemark>
<Placemark>
<name>ECMBS ARRIVAL: LEZL - LEBL</name>
<styleUrl>#arrival_schengen</styleUrl>
<LineString>
<tessellate>1</tessellate>
<coordinates>
-5.8975,37.416666666666664,0 2.0783333333333336,41.29666666666667,0
</coordinates>
</LineString>
</Placemark>
<Placemark>
<name>ECJFF ARRIVAL: GCFV - LEBL</name>
<styleUrl>#arrival_nonschengen</styleUrl>
<LineString>
<tessellate>1</tessellate>
<coordinates>
-13.863888888888889,28.4525,0 2.0783333333333336,41.29666666666667,0
</coordinates>
</LineString>
</Placemark>
<Placemark>
<name>LNRRG ARRIVAL: ENGM - LEBL</name>
<styleUrl>#arrival_schengen</styleUrl>
<LineString>
<tessellate>1</tessellate>
<coordinates>
11.08388888888889,60.20277777777778,0 2.0783333333333336,41.29666666666667,0
</coordinates>
</LineString>
</Placemark>
<Placemark>
<name>ECJTQ ARRIVAL: LFPG - LEBL</name>
<styleUrl>#arrival_schengen</styleUrl>
<LineString>
<tessellate>1</tessellate>
<coordinates>
2.5463888888888886,49.00972222222222,0 2.0783333333333336,41.29666666666667,0
</coordinates>
</LineString>
</Placemark>
<Placemark>
<name>ECLQK ARRIVAL: LEGR - LEBL</name>
<styleUrl>#arrival_schengen</styleUrl>
<LineString>
<tessellate>1</tessellate>
<coordinates>
-3.776388888888889,37.1875,0 2.0783333333333336,41.29666666666667,0
</coordinates>
</LineString>
</Placemark>
<Placemark>
<name>ECMKX ARRIVAL: LFPO - LEBL</name>
<styleUrl>#arrival_schengen</styleUrl>
<LineString>
<tessellate>1</tessellate>
<coordinates>
2.3794444444444447,48.723333333333336,0 2.0783333333333336,41.29666666666667,0
</coordinates>
</LineString>
</Placemark>
<Placemark>
<name>ECLVO ARRIVAL: LEMH - LEBL</name>
<styleUrl>#arrival_schengen</styleUrl>
<LineString>
<tessellate>1</tessellate>
<coordinates>
4.2186111111111115,39.862500000000004,0 2.0783333333333336,41.29666666666667,0
</coordinates>
</LineString>
</Placemark>
<Placemark>
<name>N483CM ARRIVAL: LDDU - LEBL</name>
<styleUrl>#arrival_nonschengen</styleUrl>
<LineString>
<tessellate>1</tessellate>
<coordinates>
18.268055555555556,42.559999999999995,0 2.0783333333333336,41.29666666666667,0
</coordinates>
</LineString>
</Placemark>
<Placemark>
<name>FHEPB ARRIVAL: LFPG - LEBL</name>
<styleUrl>#arrival_schengen</styleUrl>
<LineString>
<tessellate>1</tessellate>
<coordinates>
2.5463888888888886,49.00972222222222,0 2.0783333333333336,41.29666666666667,0
</coordinates>
</LineString>
</Placemark>
<Placemark>
<name>ECMBY ARRIVAL: EGGP - LEBL</name>
<styleUrl>#arrival_nonschengen</styleUrl>
<LineString>
<tessellate>1</tessellate>
<coordinates>
-2.8497222222222223,53.333333333333336,0 2.0783333333333336,41.29666666666667,0
</coordinates>
</LineString>
</Placemark>
<Placemark>
<name>ECMKM ARRIVAL: LEAL - LEBL</name>
<styleUrl>#arrival_schengen</styleUrl>
<LineString>
<tessellate>1</tessellate>
<coordinates>
-0.5580555555555556,38.282222222222224,0 2.0783333333333336,41.29666666666667,0
</coordinates>
</LineString>
</Placemark>
<Placemark>
<name>DIERF ARRIVAL: EDDN - LEBL</name>
<styleUrl>#arrival_schengen</styleUrl>
<LineString>
<tessellate>1</tessellate>
<coordinates>
11.0775,49.498333333333335,0 2.0783333333333336,41.29666666666667,0
</coordinates>
</LineString>
</Placemark>
<Placemark>
<name>DAIRD ARRIVAL: EDDM - LEBL</name>
<styleUrl>#arrival_schengen</styleUrl>
<LineString>
<tessellate>1</tessellate>
<coordinates>
11.786111111111111,48.35388888888889,0 2.0783333333333336,41.29666666666667,0
</coordinates>
</LineString>
</Placemark>
<Placemark>
<name>ECJFN ARRIVAL: LEMD - LEBL</name>
<styleUrl>#arrival_schengen</styleUrl>
<LineString>
<tessellate>1</tessellate>
<coordinates>
-3.5597222222222222,40.471944444444446,0 2.0783333333333336,41.29666666666667,0
</coordinates>
</LineString>
</Placemark>
<Placemark>
<name>HBIOH ARRIVAL: LSZH - LEBL</name>
<styleUrl>#arrival_schengen</styleUrl>
<LineString>
<tessellate>1</tessellate>
<coordinates>
8.547777777777778,47.45805555555556,0 2.0783333333333336,41.29666666666667,0
</coordinates>
</LineString>
</Placemark>
<Placemark>
<name>ECKCU ARRIVAL: EBBR - LEBL</name>
<styleUrl>#arrival_schengen</styleUrl>
<LineString>
<tessellate>1</tessellate>
<coordinates>
4.484444444444445,50.900555555555556,0 2.0783333333333336,41.29666666666667,0
</coordinates>
</LineString>
</Placemark>
<Placemark>
<name>EIDHT ARRIVAL: LEIB - LEBL</name>
<styleUrl>#arrival_schengen</styleUrl>
<LineString>
<tessellate>1</tessellate>
<coordinates>
1.3730555555555557,38.8725,0 2.0783333333333336,41.29666666666667,0
</coordinates>
</LineString>
</Placemark>
<Placemark>
<name>ECLZF ARRIVAL: LEBB - LEBL</name>
<styleUrl>#arrival_schengen</styleUrl>
<LineString>
<tessellate>1</tessellate>
<coordinates>
-2.9097222222222223,43.29972222222222,0 2.0783333333333336,41.29666666666667,0
</coordinates>
</LineString>
</Placemark>
<Placemark>
<name>GTTOE ARRIVAL: EGLL - LEBL</name>
<styleUrl>#arrival_nonschengen</styleUrl>
<LineString>
<tessellate>1</tessellate>
<coordinates>
-0.4613888888888889,51.477222222222224,0 2.0783333333333336,41.29666666666667,0
</coordinates>
</LineString>
</Placemark>
<Placemark>
<name>ECLAA ARRIVAL: EDDH - LEBL</name>
<styleUrl>#arrival_schengen</styleUrl>
<LineString>
<tessellate>1</tessellate>
<coordinates>
9.986944444444443,53.63,0 2.0783333333333336,41.29666666666667,0
</coordinates>
</LineString>
</Placemark>
<Placemark>
<name>EIEPG ARRIVAL: EGGP - LEBL</name>
<styleUrl>#arrival_nonschengen</styleUrl>
<LineString>
<tessellate>1</tessellate>
<coordinates>
-2.8497222222222223,53.333333333333336,0 2.0783333333333336,41.29666666666667,0
</coordinates>
</LineString>
</Placemark>
<Placemark>
<name>ECMKN ARRIVAL: EDDV - LEBL</name>
<styleUrl>#arrival_schengen</styleUrl>
<LineString>
<tessellate>1</tessellate>
<coordinates>
9.683333333333334,52.46027777777778,0 2.0783333333333336,41.29666666666667,0
</coordinates>
</LineString>
</Placemark>
<Placemark>
<name>ECHHA ARRIVAL: LEIB - LEBL</name>
<styleUrl>#arrival_schengen</styleUrl>
<LineString>
<tessellate>1</tessellate>
<coordinates>
1.3730555555555557,38.8725,0 2.0783333333333336,41.29666666666667,0
</coordinates>
</LineString>
</Placemark>
<Placemark>
<name>ECLXV ARRIVAL: LEPA - LEBL</name>
<styleUrl>#arrival_schengen</styleUrl>
<LineString>
<tessellate>1</tessellate>
<coordinates>
2.738888888888889,39.55027777777777,0 2.0783333333333336,41.29666666666667,0
</coordinates>
</LineString>
</Placemark>
<Placemark>
<name>CNRGG ARRIVAL: GMMN - LEBL</name>
<styleUrl>#arrival_nonschengen</styleUrl>
<LineString>
<tessellate>1</tessellate>
<coordinates>
-7.5808333333333335,33.36416666666667,0 2.0783333333333336,41.29666666666667,0
</coordinates>
</LineString>
</Placemark>
<Placemark>
<name>DAIDQ ARRIVAL: EDDF - LEBL</name>
<styleUrl>#arrival_schengen</styleUrl>
<LineString>
<tessellate>1</tessellate>
<coordinates>
8.570555555555556,50.033055555555556,0 2.0783333333333336,41.29666666666667,0
</coordinates>
</LineString>
</Placemark>
<Placemark>
<name>GEZWZ ARRIVAL: LFPG - LEBL</name>
<styleUrl>#arrival_schengen</styleUrl>
<LineString>
<tessellate>1</tessellate>
<coordinates>
2.5463888888888886,49.00972222222222,0 2.0783333333333336,41.29666666666667,0
</coordinates>
</LineString>
</Placemark>
<Placemark>
<name>ECMGZ ARRIVAL: EGKK - LEBL</name>
<styleUrl>#arrival_nonschengen</styleUrl>
<LineString>
<tessellate>1</tessellate>
<coordinates>
-0.18944444444444444,51.14805555555556,0 2.0783333333333336,41.29666666666667,0
</coordinates>
</LineString>
</Placemark>
<Placemark>
<name>SXABE ARRIVAL: LFBD - LEBL</name>
<styleUrl>#arrival_schengen</styleUrl>
<LineString>
<tessellate>1</tessellate>
<coordinates>
-0.7144444444444444,44.828611111111115,0 2.0783333333333336,41.29666666666667,0
</coordinates>
</LineString>
</Placemark>
<Placemark>
<name>ECMEQ ARRIVAL: LPPT - LEBL</name>
<styleUrl>#arrival_schengen</styleUrl>
<LineString>
<tessellate>1</tessellate>
<coordinates>
-9.133055555555556,38.77388888888889,0 2.0783333333333336,41.29666666666667,0
</coordinates>
</LineString>
</Placemark>
<Placemark>
<name>GEZTA ARRIVAL: EGKK - LEBL</name>
<styleUrl>#arrival_nonschengen</styleUrl>
<LineString>
<tessellate>1</tessellate>
<coordinates>
-0.18944444444444444,51.14805555555556,0 2.0783333333333336,41.29666666666667,0
</coordinates>
</LineString>
</Placemark>
<Placemark>
<name>ECLZE ARRIVAL: LIPZ - LEBL</name>
<styleUrl>#arrival_schengen</styleUrl>
<LineString>
<tessellate>1</tessellate>
<coordinates>
12.350555555555555,45.505,0 2.0783333333333336,41.29666666666667,0
</coordinates>
</LineString>
</Placemark>
<Placemark>
<name>ECLRN ARRIVAL: LICJ - LEBL</name>
<styleUrl>#arrival_schengen</styleUrl>
<LineString>
<tessellate>1</tessellate>
<coordinates>
13.099444444444446,38.18138888888889,0 2.0783333333333336,41.29666666666667,0
</coordinates>
</LineString>
</Placemark>
<Placemark>
<name>ECHQI ARRIVAL: LIBD - LEBL</name>
<styleUrl>#arrival_schengen</styleUrl>
<LineString>
<tessellate>1</tessellate>
<coordinates>
16.765,41.13777777777778,0 2.0783333333333336,41.29666666666667,0
</coordinates>
</LineString>
</Placemark>
<Placemark>
<name>ECHQJ ARRIVAL: LOWW - LEBL</name>
<styleUrl>#arrival_schengen</styleUrl>
<LineString>
<tessellate>1</tessellate>
<coordinates>
16.569166666666668,48.11027777777778,0 2.0783333333333336,41.29666666666667,0
</coordinates>
</LineString>
</Placemark>
<Placemark>
<name>ECMAI ARRIVAL: LEIB - LEBL</name>
<styleUrl>#arrival_schengen</styleUrl>
<LineString>
<tessellate>1</tessellate>
<coordinates>
1.3730555555555557,38.8725,0 2.0783333333333336,41.29666666666667,0
</coordinates>
</LineString>
</Placemark>
<Placemark>
<name>ECMLD ARRIVAL: EDDM - LEBL</name>
<styleUrl>#arrival_schengen</styleUrl>
<LineString>
<tessellate>1</tessellate>
<coordinates>
11.786111111111111,48.35388888888889,0 2.0783333333333336,41.29666666666667,0
</coordinates>
</LineString>
</Placemark>
<Placemark>
<name>FGUGO ARRIVAL: LFPG - LEBL</name>
<styleUrl>#arrival_schengen</styleUrl>
<LineString>
<tessellate>1</tessellate>
<coordinates>
2.5463888888888886,49.00972222222222,0 2.0783333333333336,41.29666666666667,0
</coordinates>
</LineString>
</Placemark>
<Placemark>
<name>ECMJR ARRIVAL: LIRN - LEBL</name>
<styleUrl>#arrival_schengen</styleUrl>
<LineString>
<tessellate>1</tessellate>
<coordinates>
14.290833333333333,40.88388888888889,0 2.0783333333333336,41.29666666666667,0
</coordinates>
</LineString>
</Placemark>
<Placemark>
<name>ECLUN ARRIVAL: LFML - LEBL</name>
<styleUrl>#arrival_schengen</styleUrl>
<LineString>
<tessellate>1</tessellate>
<coordinates>
5.214166666666667,43.43527777777778,0 2.0783333333333336,41.29666666666667,0
</coordinates>
</LineString>
</Placemark>
<Placemark>
<name>ECKRN ARRIVAL: GMMX - LEBL</name>
<styleUrl>#arrival_nonschengen</styleUrl>
<LineString>
<tessellate>1</tessellate>
<coordinates>
-8.040833333333333,31.608611111111113,0 2.0783333333333336,41.29666666666667,0
</coordinates>
</LineString>
</Placemark>
<Placemark>
<name>EIDHG ARRIVAL: LIRF - LEBL</name>
<styleUrl>#arrival_schengen</styleUrl>
<LineString>
<tessellate>1</tessellate>
<coordinates>
12.238888888888889,41.79888888888889,0 2.0783333333333336,41.29666666666667,0
</coordinates>
</LineString>
</Placemark>
<Placemark>
<name>GEZUM ARRIVAL: LSGG - LEBL</name>
<styleUrl>#arrival_schengen</styleUrl>
<LineString>
<tessellate>1</tessellate>
<coordinates>
6.108333333333333,46.23833333333334,0 2.0783333333333336,41.29666666666667,0
</coordinates>
</LineString>
</Placemark>
<Placemark>
<name>ECLVP ARRIVAL: LSGG - LEBL</name>
<styleUrl>#arrival_schengen</styleUrl>
<LineString>
<tessellate>1</tessellate>
<coordinates>
6.108333333333333,46.23833333333334,0 2.0783333333333336,41.29666666666667,0
</coordinates>
</LineString>
</Placemark>
<Placemark>
<name>ECIXD ARRIVAL: LEMD - LEBL</name>
<styleUrl>#arrival_schengen</styleUrl>
<LineString>
<tessellate>1</tessellate>
<coordinates>
-3.5597222222222222,40.471944444444446,0 2.0783333333333336,41.29666666666667,0
</coordinates>
</LineString>
</Placemark>
<Placemark>
<name>ECLZZ ARRIVAL: LIRF - LEBL</name>
<styleUrl>#arrival_schengen</styleUrl>
<LineString>
<tessellate>1</tessellate>
<coordinates>
12.238888888888889,41.79888888888889,0 2.0783333333333336,41.29666666666667,0
</coordinates>
</LineString>
</Placemark>
<Placemark>
<name>PHBXE ARRIVAL: EHAM - LEBL</name>
<styleUrl>#arrival_schengen</styleUrl>
<LineString>
<tessellate>1</tessellate>
<coordinates>
4.764166666666667,52.30722222222222,0 2.0783333333333336,41.29666666666667,0
</coordinates>
</LineString>
</Placemark>
<Placemark>
<name>ECLRM ARRIVAL: EGFF - LEBL</name>
<styleUrl>#arrival_nonschengen</styleUrl>
<LineString>
<tessellate>1</tessellate>
<coordinates>
-3.343055555555556,51.39666666666667,0 2.0783333333333336,41.29666666666667,0
</coordinates>
</LineString>
</Placemark>
<Placemark>
<name>ECMGY ARRIVAL: LEIB - LEBL</name>
<styleUrl>#arrival_schengen</styleUrl>
<LineString>
<tessellate>1</tessellate>
<coordinates>
1.3730555555555557,38.8725,0 2.0783333333333336,41.29666666666667,0
</coordinates>
</LineString>
</Placemark>
<Placemark>
<name>ECJYX ARRIVAL: LEXJ - LEBL</name>
<styleUrl>#arrival_schengen</styleUrl>
<LineString>
<tessellate>1</tessellate>
<coordinates>
-3.8186111111111107,43.426944444444445,0 2.0783333333333336,41.29666666666667,0
</coordinates>
</LineString>
</Placemark>
<Placemark>
<name>EIFIY ARRIVAL: LEVD - LEBL</name>
<styleUrl>#arrival_schengen</styleUrl>
<LineString>
<tessellate>1</tessellate>
<coordinates>
-4.850555555555555,41.70611111111111,0 2.0783333333333336,41.29666666666667,0
</coordinates>
</LineString>
</Placemark>
<Placemark>
<name>DAICG ARRIVAL: EDDS - LEBL</name>
<styleUrl>#arrival_schengen</styleUrl>
<LineString>
<tessellate>1</tessellate>
<coordinates>
9.221944444444444,48.68861111111111,0 2.0783333333333336,41.29666666666667,0
</coordinates>
</LineString>
</Placemark>
<Placemark>
<name>CSTPA ARRIVAL: LPPT - LEBL</name>
<styleUrl>#arrival_schengen</styleUrl>
<LineString>
<tessellate>1</tessellate>
<coordinates>
-9.133055555555556,38.77388888888889,0 2.0783333333333336,41.29666666666667,0
</coordinates>
</LineString>
</Placemark>
<Placemark>
<name>EIDWK ARRIVAL: LEMH - LEBL</name>
<styleUrl>#arrival_schengen</styleUrl>
<LineString>
<tessellate>1</tessellate>
<coordinates>
4.2186111111111115,39.862500000000004,0 2.0783333333333336,41.29666666666667,0
</coordinates>
</LineString>
</Placemark>
<Placemark>
<name>GOZBW ARRIVAL: EGNM - LEBL</name>
<styleUrl>#arrival_nonschengen</styleUrl>
<LineString>
<tessellate>1</tessellate>
<coordinates>
-1.6602777777777777,53.865833333333335,0 2.0783333333333336,41.29666666666667,0
</coordinates>
</LineString>
</Placemark>
<Placemark>
<name>ECMMH ARRIVAL: GCXO - LEBL</name>
<styleUrl>#arrival_nonschengen</styleUrl>
<LineString>
<tessellate>1</tessellate>
<coordinates>
-16.34111111111111,28.481388888888887,0 2.0783333333333336,41.29666666666667,0
</coordinates>
</LineString>
</Placemark>
<Placemark>
<name>EIDHX ARRIVAL: EGSS - LEBL</name>
<styleUrl>#arrival_nonschengen</styleUrl>
<LineString>
<tessellate>1</tessellate>
<coordinates>
0.23500000000000001,51.88472222222222,0 2.0783333333333336,41.29666666666667,0
</coordinates>
</LineString>
</Placemark>
<Placemark>
<name>EIDHO ARRIVAL: ESKN - LEBL</name>
<styleUrl>#arrival_schengen</styleUrl>
<LineString>
<tessellate>1</tessellate>
<coordinates>
16.90361111111111,58.788333333333334,0 2.0783333333333336,41.29666666666667,0
</coordinates>
</LineString>
</Placemark>
<Placemark>
<name>ECMHS ARRIVAL: GCRR - LEBL</name>
<styleUrl>#arrival_nonschengen</styleUrl>
<LineString>
<tessellate>1</tessellate>
<coordinates>
-13.605,28.94527777777778,0 2.0783333333333336,41.29666666666667,0
</coordinates>
</LineString>
</Placemark>
<Placemark>
<name>DAISL ARRIVAL: EDDF - LEBL</name>
<styleUrl>#arrival_schengen</styleUrl>
<LineString>
<tessellate>1</tessellate>
<coordinates>
8.570555555555556,50.033055555555556,0 2.0783333333333336,41.29666666666667,0
</coordinates>
</LineString>
</Placemark>
<Placemark>
<name>HALPX ARRIVAL: LRCL - LEBL</name>
<styleUrl>#arrival_nonschengen</styleUrl>
<LineString>
<tessellate>1</tessellate>
<coordinates>
23.692222222222224,46.788333333333334,0 2.0783333333333336,41.29666666666667,0
</coordinates>
</LineString>
</Placemark>
<Placemark>
<name>HALWY ARRIVAL: EVRA - LEBL</name>
<styleUrl>#arrival_schengen</styleUrl>
<LineString>
<tessellate>1</tessellate>
<coordinates>
23.96972222222222,56.92222222222222,0 2.0783333333333336,41.29666666666667,0
</coordinates>
</LineString>
</Placemark>
<Placemark>
<name>ECJFT ARRIVAL: LEPA - LEBL</name>
<styleUrl>#arrival_schengen</styleUrl>
<LineString>
<tessellate>1</tessellate>
<coordinates>
2.738888888888889,39.55027777777777,0 2.0783333333333336,41.29666666666667,0
</coordinates>
</LineString>
</Placemark>
<Placemark>
<name>LNDYP ARRIVAL: ESSA - LEBL</name>
<styleUrl>#arrival_schengen</styleUrl>
<LineString>
<tessellate>1</tessellate>
<coordinates>
17.91861111111111,59.651944444444446,0 2.0783333333333336,41.29666666666667,0
</coordinates>
</LineString>
</Placemark>
<Placemark>
<name>DABZA ARRIVAL: EDDL - LEBL</name>
<styleUrl>#arrival_schengen</styleUrl>
<LineString>
<tessellate>1</tessellate>
<coordinates>
6.7572222222222225,51.280833333333334,0 2.0783333333333336,41.29666666666667,0
</coordinates>
</LineString>
</Placemark>
<Placemark>
<name>GEZIM ARRIVAL: EDDB - LEBL</name>
<styleUrl>#arrival_schengen</styleUrl>
<LineString>
<tessellate>1</tessellate>
<coordinates>
13.500555555555556,52.36194444444445,0 2.0783333333333336,41.29666666666667,0
</coordinates>
</LineString>
</Placemark>
<Placemark>
<name>ECLQM ARRIVAL: EDDT - LEBL</name>
<styleUrl>#arrival_schengen</styleUrl>
<LineString>
<tessellate>1</tessellate>
<coordinates>
13.287777777777778,52.559444444444445,0 2.0783333333333336,41.29666666666667,0
</coordinates>
</LineString>
</Placemark>
<Placemark>
<name>DAIQK ARRIVAL: EDDK - LEBL</name>
<styleUrl>#arrival_schengen</styleUrl>
<LineString>
<tessellate>1</tessellate>
<coordinates>
7.142777777777778,50.865833333333335,0 2.0783333333333336,41.29666666666667,0
</coordinates>
</LineString>
</Placemark>
<Placemark>
<name>ECLRG ARRIVAL: EGNM - LEBL</name>
<styleUrl>#arrival_nonschengen</styleUrl>
<LineString>
<tessellate>1</tessellate>
<coordinates>
-1.6602777777777777,53.865833333333335,0 2.0783333333333336,41.29666666666667,0
</coordinates>
</LineString>
</Placemark>
<Placemark>
<name>ECMFB ARRIVAL: ENGM - LEBL</name>
<styleUrl>#arrival_schengen</styleUrl>
<LineString>
<tessellate>1</tessellate>
<coordinates>
11.08388888888889,60.20277777777778,0 2.0783333333333336,41.29666666666667,0
</coordinates>
</LineString>
</Placemark>
<Placemark>
<name>ECMLM ARRIVAL: LFPO - LEBL</name>
<styleUrl>#arrival_schengen</styleUrl>
<LineString>
<tessellate>1</tessellate>
<coordinates>
2.3794444444444447,48.723333333333336,0 2.0783333333333336,41.29666666666667,0
</coordinates>
</LineString>
</Placemark>
<Placemark>
<name>DASXJ ARRIVAL: EDDL - LEBL</name>
<styleUrl>#arrival_schengen</styleUrl>
<LineString>
<tessellate>1</tessellate>
<coordinates>
6.7572222222222225,51.280833333333334,0 2.0783333333333336,41.29666666666667,0
</coordinates>
</LineString>
</Placemark>
<Placemark>
<name>ECMMU ARRIVAL: GCLP - LEBL</name>
<styleUrl>#arrival_nonschengen</styleUrl>
<LineString>
<tessellate>1</tessellate>
<coordinates>
-15.386666666666667,27.931944444444447,0 2.0783333333333336,41.29666666666667,0
</coordinates>
</LineString>
</Placemark>
<Placemark>
<name>ECLUT ARRIVAL: GCXO - LEBL</name>
<styleUrl>#arrival_nonschengen</styleUrl>
<LineString>
<tessellate>1</tessellate>
<coordinates>
-16.34111111111111,28.481388888888887,0 2.0783333333333336,41.29666666666667,0
</coordinates>
</LineString>
</Placemark>
<Placemark>
<name>HBIOM ARRIVAL: LSZH - LEBL</name>
<styleUrl>#arrival_schengen</styleUrl>
<LineString>
<tessellate>1</tessellate>
<coordinates>
8.547777777777778,47.45805555555556,0 2.0783333333333336,41.29666666666667,0
</coordinates>
</LineString>
</Placemark>
<Placemark>
<name>ECMEA ARRIVAL: LIMC - LEBL</name>
<styleUrl>#arrival_schengen</styleUrl>
<LineString>
<tessellate>1</tessellate>
<coordinates>
8.723055555555556,45.63,0 2.0783333333333336,41.29666666666667,0
</coordinates>
</LineString>
</Placemark>
<Placemark>
<name>FGRXE ARRIVAL: LFPG - LEBL</name>
<styleUrl>#arrival_schengen</styleUrl>
<LineString>
<tessellate>1</tessellate>
<coordinates>
2.5463888888888886,49.00972222222222,0 2.0783333333333336,41.29666666666667,0
</coordinates>
</LineString>
</Placemark>
<Placemark>
<name>GEUUT ARRIVAL: EGLL - LEBL</name>
<styleUrl>#arrival_nonschengen</styleUrl>
<LineString>
<tessellate>1</tessellate>
<coordinates>
-0.4613888888888889,51.477222222222224,0 2.0783333333333336,41.29666666666667,0
</coordinates>
</LineString>
</Placemark>
<Placemark>
<name>ECLQN ARRIVAL: LSZH - LEBL</name>
<styleUrl>#arrival_schengen</styleUrl>
<LineString>
<tessellate>1</tessellate>
<coordinates>
8.547777777777778,47.45805555555556,0 2.0783333333333336,41.29666666666667,0
</coordinates>
</LineString>
</Placemark>
<Placemark>
<name>LYVEV ARRIVAL: LEPA - LEBL</name>
<styleUrl>#arrival_schengen</styleUrl>
<LineString>
<tessellate>1</tessellate>
<coordinates>
2.738888888888889,39.55027777777777,0 2.0783333333333336,41.29666666666667,0
</coordinates>
</LineString>
</Placemark>
<Placemark>
<name>ECJTR ARRIVAL: LEMH - LEBL</name>
<styleUrl>#arrival_schengen</styleUrl>
<LineString>
<tessellate>1</tessellate>
<coordinates>
4.2186111111111115,39.862500000000004,0 2.0783333333333336,41.29666666666667,0
</coordinates>
</LineString>
</Placemark>
<Placemark>
<name>9HVMK ARRIVAL: LIPZ - LEBL</name>
<styleUrl>#arrival_schengen</styleUrl>
<LineString>
<tessellate>1</tessellate>
<coordinates>
12.350555555555555,45.505,0 2.0783333333333336,41.29666666666667,0
</coordinates>
</LineString>
</Placemark>
<Placemark>
<name>ECMKV ARRIVAL: LESO - LEBL</name>
<styleUrl>#arrival_schengen</styleUrl>
<LineString>
<tessellate>1</tessellate>
<coordinates>
-1.7891666666666666,43.35611111111111,0 2.0783333333333336,41.29666666666667,0
</coordinates>
</LineString>
</Placemark>
<Placemark>
<name>CGDEJ ARRIVAL: EHRD - LEBL</name>
<styleUrl>#arrival_schengen</styleUrl>
<LineString>
<tessellate>1</tessellate>
<coordinates>
4.436111111111112,51.956944444444446,0 2.0783333333333336,41.29666666666667,0
</coordinates>
</LineString>
</Placemark>
<Placemark>
<name>ECHUH ARRIVAL: LEMD - LEBL</name>
<styleUrl>#arrival_schengen</styleUrl>
<LineString>
<tessellate>1</tessellate>
<coordinates>
-3.5597222222222222,40.471944444444446,0 2.0783333333333336,41.29666666666667,0
</coordinates>
</LineString>
</Placemark>
<Placemark>
<name>ECLLM ARRIVAL: LEIB - LEBL</name>
<styleUrl>#arrival_schengen</styleUrl>
<LineString>
<tessellate>1</tessellate>
<coordinates>
1.3730555555555557,38.8725,0 2.0783333333333336,41.29666666666667,0
</coordinates>
</LineString>
</Placemark>
<Placemark>
<name>OEIEW ARRIVAL: LOWW - LEBL</name>
<styleUrl>#arrival_schengen</styleUrl>
<LineString>
<tessellate>1</tessellate>
<coordinates>
16.569166666666668,48.11027777777778,0 2.0783333333333336,41.29666666666667,0
</coordinates>
</LineString>
</Placemark>
<Placemark>
<name>ECLLJ ARRIVAL: LEIB - LEBL</name>
<styleUrl>#arrival_schengen</styleUrl>
<LineString>
<tessellate>1</tessellate>
<coordinates>
1.3730555555555557,38.8725,0 2.0783333333333336,41.29666666666667,0
</coordinates>
</LineString>
</Placemark>
<Placemark>
<name>EIEFN ARRIVAL: EBBR - LEBL</name>
<styleUrl>#arrival_schengen</styleUrl>
<LineString>
<tessellate>1</tessellate>
<coordinates>
4.484444444444445,50.900555555555556,0 2.0783333333333336,41.29666666666667,0
</coordinates>
</LineString>
</Placemark>
<Placemark>
<name>GEZEG ARRIVAL: EGKK - LEBL</name>
<styleUrl>#arrival_nonschengen</styleUrl>
<LineString>
<tessellate>1</tessellate>
<coordinates>
-0.18944444444444444,51.14805555555556,0 2.0783333333333336,41.29666666666667,0
</coordinates>
</LineString>
</Placemark>
<Placemark>
<name>EIDCM ARRIVAL: LIRF - LEBL</name>
<styleUrl>#arrival_schengen</styleUrl>
<LineString>
<tessellate>1</tessellate>
<coordinates>
12.238888888888889,41.79888888888889,0 2.0783333333333336,41.29666666666667,0
</coordinates>
</LineString>
</Placemark>
<Placemark>
<name>A7ACD ARRIVAL: OTHH - LEBL</name>
<styleUrl>#arrival_nonschengen</styleUrl>
<LineString>
<tessellate>1</tessellate>
<coordinates>
51.608333333333334,25.274444444444445,0 2.0783333333333336,41.29666666666667,0
</coordinates>
</LineString>
</Placemark>
<Placemark>
<name>7TVJM ARRIVAL: DAAG - LEBL</name>
<styleUrl>#arrival_nonschengen</styleUrl>
<LineString>
<tessellate>1</tessellate>
<coordinates>
3.2144444444444447,36.692499999999995,0 2.0783333333333336,41.29666666666667,0
</coordinates>
</LineString>
</Placemark>
<Placemark>
<name>EIDAE ARRIVAL: LEVX - LEBL</name>
<styleUrl>#arrival_schengen</styleUrl>
<LineString>
<tessellate>1</tessellate>
<coordinates>
-8.627500000000001,42.22916666666667,0 2.0783333333333336,41.29666666666667,0
</coordinates>
</LineString>
</Placemark>
<Placemark>
<name>HBJYK ARRIVAL: LSGG - LEBL</name>
<styleUrl>#arrival_schengen</styleUrl>
<LineString>
<tessellate>1</tessellate>
<coordinates>
6.108333333333333,46.23833333333334,0 2.0783333333333336,41.29666666666667,0
</coordinates>
</LineString>
</Placemark>
<Placemark>
<name>HALYG ARRIVAL: EPKT - LEBL</name>
<styleUrl>#arrival_schengen</styleUrl>
<LineString>
<tessellate>1</tessellate>
<coordinates>
19.079722222222223,50.47416666666667,0 2.0783333333333336,41.29666666666667,0
</coordinates>
</LineString>
</Placemark>
<Placemark>
<name>GEZBU ARRIVAL: EGMC - LEBL</name>
<styleUrl>#arrival_nonschengen</styleUrl>
<LineString>
<tessellate>1</tessellate>
<coordinates>
0.6933333333333334,51.57027777777778,0 2.0783333333333336,41.29666666666667,0
</coordinates>
</LineString>
</Placemark>
<Placemark>
<name>OHLZB ARRIVAL: EFHK - LEBL</name>
<styleUrl>#arrival_schengen</styleUrl>
<LineString>
<tessellate>1</tessellate>
<coordinates>
24.963055555555556,60.31722222222223,0 2.0783333333333336,41.29666666666667,0
</coordinates>
</LineString>
</Placemark>
<Placemark>
<name>GEUYC ARRIVAL: EGLL - LEBL</name>
<styleUrl>#arrival_nonschengen</styleUrl>
<LineString>
<tessellate>1</tessellate>
<coordinates>
-0.4613888888888889,51.477222222222224,0 2.0783333333333336,41.29666666666667,0
</coordinates>
</LineString>
</Placemark>
<Placemark>
<name>HBJYE ARRIVAL: LFSB - LEBL</name>
<styleUrl>#arrival_schengen</styleUrl>
<LineString>
<tessellate>1</tessellate>
<coordinates>
7.529166666666667,47.59,0 2.0783333333333336,41.29666666666667,0
</coordinates>
</LineString>
</Placemark>
<Placemark>
<name>ECMBK ARRIVAL: LEIB - LEBL</name>
<styleUrl>#arrival_schengen</styleUrl>
<LineString>
<tessellate>1</tessellate>
<coordinates>
1.3730555555555557,38.8725,0 2.0783333333333336,41.29666666666667,0
</coordinates>
</LineString>
</Placemark>
<Placemark>
<name>A6EEH ARRIVAL: OMDB - LEBL</name>
<styleUrl>#arrival_nonschengen</styleUrl>
<LineString>
<tessellate>1</tessellate>
<coordinates>
55.359722222222224,25.249166666666667,0 2.0783333333333336,41.29666666666667,0
</coordinates>
</LineString>
</Placemark>
<Placemark>
<name>OELEF ARRIVAL: LOWW - LEBL</name>
<styleUrl>#arrival_schengen</styleUrl>
<LineString>
<tessellate>1</tessellate>
<coordinates>
16.569166666666668,48.11027777777778,0 2.0783333333333336,41.29666666666667,0
</coordinates>
</LineString>
</Placemark>
<Placemark>
<name>OOSSK ARRIVAL: EBBR - LEBL</name>
<styleUrl>#arrival_schengen</styleUrl>
<LineString>
<tessellate>1</tessellate>
<coordinates>
4.484444444444445,50.900555555555556,0 2.0783333333333336,41.29666666666667,0
</coordinates>
</LineString>
</Placemark>
<Placemark>
<name>ECLML ARRIVAL: LFLL - LEBL</name>
<styleUrl>#arrival_schengen</styleUrl>
<LineString>
<tessellate>1</tessellate>
<coordinates>
5.0808333333333335,45.72555555555556,0 2.0783333333333336,41.29666666666667,0
</coordinates>
</LineString>
</Placemark>
<Placemark>
<name>EIEFI ARRIVAL: EIDW - LEBL</name>
<styleUrl>#arrival_nonschengen</styleUrl>
<LineString>
<tessellate>1</tessellate>
<coordinates>
-6.269444444444445,53.420833333333334,0 2.0783333333333336,41.29666666666667,0
</coordinates>
</LineString>
</Placemark>
<Placemark>
<name>HBIJQ ARRIVAL: LSGG - LEBL</name>
<styleUrl>#arrival_schengen</styleUrl>
<LineString>
<tessellate>1</tessellate>
<coordinates>
6.108333333333333,46.23833333333334,0 2.0783333333333336,41.29666666666667,0
</coordinates>
</LineString>
</Placemark>
<Placemark>
<name>GEZFY ARRIVAL: EGNT - LEBL</name>
<styleUrl>#arrival_nonschengen</styleUrl>
<LineString>
<tessellate>1</tessellate>
<coordinates>
-1.6897222222222223,55.0375,0 2.0783333333333336,41.29666666666667,0
</coordinates>
</LineString>
</Placemark>
<Placemark>
<name>CSTRN ARRIVAL: ESSA - LEBL</name>
<styleUrl>#arrival_schengen</styleUrl>
<LineString>
<tessellate>1</tessellate>
<coordinates>
17.91861111111111,59.651944444444446,0 2.0783333333333336,41.29666666666667,0
</coordinates>
</LineString>
</Placemark>
<Placemark>
<name>EIDHB ARRIVAL: LEZL - LEBL</name>
<styleUrl>#arrival_schengen</styleUrl>
<LineString>
<tessellate>1</tessellate>
<coordinates>
-5.8975,37.416666666666664,0 2.0783333333333336,41.29666666666667,0
</coordinates>
</LineString>
</Placemark>
<Placemark>
<name>FGZHY ARRIVAL: LFPO - LEBL</name>
<styleUrl>#arrival_schengen</styleUrl>
<LineString>
<tessellate>1</tessellate>
<coordinates>
2.3794444444444447,48.723333333333336,0 2.0783333333333336,41.29666666666667,0
</coordinates>
</LineString>
</Placemark>
<Placemark>
<name>EIDHH ARRIVAL: GCRR - LEBL</name>
<styleUrl>#arrival_nonschengen</styleUrl>
<LineString>
<tessellate>1</tessellate>
<coordinates>
-13.605,28.94527777777778,0 2.0783333333333336,41.29666666666667,0
</coordinates>
</LineString>
</Placemark>
<Placemark>
<name>ECJBX ARRIVAL: LEPA - LEBL</name>
<styleUrl>#arrival_schengen</styleUrl>
<LineString>
<tessellate>1</tessellate>
<coordinates>
2.738888888888889,39.55027777777777,0 2.0783333333333336,41.29666666666667,0
</coordinates>
</LineString>
</Placemark>
<Placemark>
<name>ECLVS ARRIVAL: LEMG - LEBL</name>
<styleUrl>#arrival_schengen</styleUrl>
<LineString>
<tessellate>1</tessellate>
<coordinates>
-4.497777777777777,36.67388888888889,0 2.0783333333333336,41.29666666666667,0
</coordinates>
</LineString>
</Placemark>
<Placemark>
<name>HALYL ARRIVAL: LWSK - LEBL</name>
<styleUrl>#arrival_nonschengen</styleUrl>
<LineString>
<tessellate>1</tessellate>
<coordinates>
21.62138888888889,41.96138888888889,0 2.0783333333333336,41.29666666666667,0
</coordinates>
</LineString>
</Placemark>
<Placemark>
<name>EIDWA ARRIVAL: EGPK - LEBL</name>
<styleUrl>#arrival_nonschengen</styleUrl>
<LineString>
<tessellate>1</tessellate>
<coordinates>
-4.593055555555555,55.50944444444445,0 2.0783333333333336,41.29666666666667,0
</coordinates>
</LineString>
</Placemark>
<Placemark>
<name>ECJPK ARRIVAL: LEMD - LEBL</name>
<styleUrl>#arrival_schengen</styleUrl>
<LineString>
<tessellate>1</tessellate>
<coordinates>
-3.5597222222222222,40.471944444444446,0 2.0783333333333336,41.29666666666667,0
</coordinates>
</LineString>
</Placemark>
<Placemark>
<name>ECLST ARRIVAL: LEMH - LEBL</name>
<styleUrl>#arrival_schengen</styleUrl>
<LineString>
<tessellate>1</tessellate>
<coordinates>
4.2186111111111115,39.862500000000004,0 2.0783333333333336,41.29666666666667,0
</coordinates>
</LineString>
</Placemark>
<Placemark>
<name>ECLOB ARRIVAL: EHAM - LEBL</name>
<styleUrl>#arrival_schengen</styleUrl>
<LineString>
<tessellate>1</tessellate>
<coordinates>
4.764166666666667,52.30722222222222,0 2.0783333333333336,41.29666666666667,0
</coordinates>
</LineString>
</Placemark>
<Placemark>
<name>ECJTQ ARRIVAL: LEVD - LEBL</name>
<styleUrl>#arrival_schengen</styleUrl>
<LineString>
<tessellate>1</tessellate>
<coordinates>
-4.850555555555555,41.70611111111111,0 2.0783333333333336,41.29666666666667,0
</coordinates>
</LineString>
</Placemark>
<Placemark>
<name>GEZFG ARRIVAL: EGGP - LEBL</name>
<styleUrl>#arrival_nonschengen</styleUrl>
<LineString>
<tessellate>1</tessellate>
<coordinates>
-2.8497222222222223,53.333333333333336,0 2.0783333333333336,41.29666666666667,0
</coordinates>
</LineString>
</Placemark>
<Placemark>
<name>EIDLH ARRIVAL: GCLP - LEBL</name>
<styleUrl>#arrival_nonschengen</styleUrl>
<LineString>
<tessellate>1</tessellate>
<coordinates>
-15.386666666666667,27.931944444444447,0 2.0783333333333336,41.29666666666667,0
</coordinates>
</LineString>
</Placemark>
<Placemark>
<name>ECJGM ARRIVAL: LEMD - LEBL</name>
<styleUrl>#arrival_schengen</styleUrl>
<LineString>
<tessellate>1</tessellate>
<coordinates>
-3.5597222222222222,40.471944444444446,0 2.0783333333333336,41.29666666666667,0
</coordinates>
</LineString>
</Placemark>
<Placemark>
<name>CSTTN ARRIVAL: LPPT - LEBL</name>
<styleUrl>#arrival_schengen</styleUrl>
<LineString>
<tessellate>1</tessellate>
<coordinates>
-9.133055555555556,38.77388888888889,0 2.0783333333333336,41.29666666666667,0
</coordinates>
</LineString>
</Placemark>
<Placemark>
<name>HALYO ARRIVAL: LBSF - LEBL</name>
<styleUrl>#arrival_nonschengen</styleUrl>
<LineString>
<tessellate>1</tessellate>
<coordinates>
23.40694444444444,42.69361111111111,0 2.0783333333333336,41.29666666666667,0
</coordinates>
</LineString>
</Placemark>
<Placemark>
<name>ECLZO ARRIVAL: EKCH - LEBL</name>
<styleUrl>#arrival_schengen</styleUrl>
<LineString>
<tessellate>1</tessellate>
<coordinates>
12.655833333333334,55.61805555555556,0 2.0783333333333336,41.29666666666667,0
</coordinates>
</LineString>
</Placemark>
<Placemark>
<name>N900AL ARRIVAL: HTDA - LEBL</name>
<styleUrl>#arrival_nonschengen</styleUrl>
<LineString>
<tessellate>1</tessellate>
<coordinates>
39.20305555555556,-6.875555555555556,0 2.0783333333333336,41.29666666666667,0
</coordinates>
</LineString>
</Placemark>
<Placemark>
<name>DAIRB ARRIVAL: EDDM - LEBL</name>
<styleUrl>#arrival_schengen</styleUrl>
<LineString>
<tessellate>1</tessellate>
<coordinates>
11.786111111111111,48.35388888888889,0 2.0783333333333336,41.29666666666667,0
</coordinates>
</LineString>
</Placemark>
<Placemark>
<name>GEZIZ ARRIVAL: LIMC - LEBL</name>
<styleUrl>#arrival_schengen</styleUrl>
<LineString>
<tessellate>1</tessellate>
<coordinates>
8.723055555555556,45.63,0 2.0783333333333336,41.29666666666667,0
</coordinates>
</LineString>
</Placemark>
<Placemark>
<name>ECMKT ARRIVAL: EFHK - LEBL</name>
<styleUrl>#arrival_schengen</styleUrl>
<LineString>
<tessellate>1</tessellate>
<coordinates>
24.963055555555556,60.31722222222223,0 2.0783333333333336,41.29666666666667,0
</coordinates>
</LineString>
</Placemark>
<Placemark>
<name>EIFIN ARRIVAL: EGCC - LEBL</name>
<styleUrl>#arrival_nonschengen</styleUrl>
<LineString>
<tessellate>1</tessellate>
<coordinates>
-2.2736111111111112,53.35388888888889,0 2.0783333333333336,41.29666666666667,0
</coordinates>
</LineString>
</Placemark>
<Placemark>
<name>ECMJZ ARRIVAL: LELN - LEBL</name>
<styleUrl>#arrival_schengen</styleUrl>
<LineString>
<tessellate>1</tessellate>
<coordinates>
-5.6561111111111115,42.58861111111111,0 2.0783333333333336,41.29666666666667,0
</coordinates>
</LineString>
</Placemark>
<Placemark>
<name>ECMBT ARRIVAL: LEAS - LEBL</name>
<styleUrl>#arrival_schengen</styleUrl>
<LineString>
<tessellate>1</tessellate>
<coordinates>
-6.034722222222222,43.5625,0 2.0783333333333336,41.29666666666667,0
</coordinates>
</LineString>
</Placemark>
<Placemark>
<name>ECKHN ARRIVAL: LFPO - LEBL</name>
<styleUrl>#arrival_schengen</styleUrl>
<LineString>
<tessellate>1</tessellate>
<coordinates>
2.3794444444444447,48.723333333333336,0 2.0783333333333336,41.29666666666667,0
</coordinates>
</LineString>
</Placemark>
<Placemark>
<name>EIENG ARRIVAL: LIPE - LEBL</name>
<styleUrl>#arrival_schengen</styleUrl>
<LineString>
<tessellate>1</tessellate>
<coordinates>
11.296666666666667,44.530833333333334,0 2.0783333333333336,41.29666666666667,0
</coordinates>
</LineString>
</Placemark>
<Placemark>
<name>GDBCI ARRIVAL: EGKK - LEBL</name>
<styleUrl>#arrival_nonschengen</styleUrl>
<LineString>
<tessellate>1</tessellate>
<coordinates>
-0.18944444444444444,51.14805555555556,0 2.0783333333333336,41.29666666666667,0
</coordinates>
</LineString>
</Placemark>
<Placemark>
<name>EIFHS ARRIVAL: ENGM - LEBL</name>
<styleUrl>#arrival_schengen</styleUrl>
<LineString>
<tessellate>1</tessellate>
<coordinates>
11.08388888888889,60.20277777777778,0 2.0783333333333336,41.29666666666667,0
</coordinates>
</LineString>
</Placemark>
<Placemark>
<name>GEZIK ARRIVAL: EGGD - LEBL</name>
<styleUrl>#arrival_nonschengen</styleUrl>
<LineString>
<tessellate>1</tessellate>
<coordinates>
-2.7191666666666667,51.3825,0 2.0783333333333336,41.29666666666667,0
</coordinates>
</LineString>
</Placemark>
<Placemark>
<name>ECMBS ARRIVAL: LEZL - LEBL</name>
<styleUrl>#arrival_schengen</styleUrl>
<LineString>
<tessellate>1</tessellate>
<coordinates>
-5.8975,37.416666666666664,0 2.0783333333333336,41.29666666666667,0
</coordinates>
</LineString>
</Placemark>
<Placemark>
<name>EIENL ARRIVAL: LEJR - LEBL</name>
<styleUrl>#arrival_schengen</styleUrl>
<LineString>
<tessellate>1</tessellate>
<coordinates>
-6.0586111111111105,36.74472222222222,0 2.0783333333333336,41.29666666666667,0
</coordinates>
</LineString>
</Placemark>
<Placemark>
<name>ECLXV ARRIVAL: LEPA - LEBL</name>
<styleUrl>#arrival_schengen</styleUrl>
<LineString>
<tessellate>1</tessellate>
<coordinates>
2.738888888888889,39.55027777777777,0 2.0783333333333336,41.29666666666667,0
</coordinates>
</LineString>
</Placemark>
<Placemark>
<name>ECLGV ARRIVAL: LEMD - LEBL</name>
<styleUrl>#arrival_schengen</styleUrl>
<LineString>
<tessellate>1</tessellate>
<coordinates>
-3.5597222222222222,40.471944444444446,0 2.0783333333333336,41.29666666666667,0
</coordinates>
</LineString>
</Placemark>
<Placemark>
<name>LYVEO ARRIVAL: LFPG - LEBL</name>
<styleUrl>#arrival_schengen</styleUrl>
<LineString>
<tessellate>1</tessellate>
<coordinates>
2.5463888888888886,49.00972222222222,0 2.0783333333333336,41.29666666666667,0
</coordinates>
</LineString>
</Placemark>
<Placemark>
<name>N327UP ARRIVAL: LEVC - LEBL</name>
<styleUrl>#arrival_schengen</styleUrl>
<LineString>
<tessellate>1</tessellate>
<coordinates>
-0.4816666666666667,39.489444444444445,0 2.0783333333333336,41.29666666666667,0
</coordinates>
</LineString>
</Placemark>
<Placemark>
<name>EIDLC ARRIVAL: LPPR - LEBL</name>
<styleUrl>#arrival_schengen</styleUrl>
<LineString>
<tessellate>1</tessellate>
<coordinates>
-8.6775,41.23555555555556,0 2.0783333333333336,41.29666666666667,0
</coordinates>
</LineString>
</Placemark>
<Placemark>
<name>TFBRO ARRIVAL: BIKF - LEBL</name>
<styleUrl>#arrival_schengen</styleUrl>
<LineString>
<tessellate>1</tessellate>
<coordinates>
-22.605555555555558,63.984722222222224,0 2.0783333333333336,41.29666666666667,0
</coordinates>
</LineString>
</Placemark>
<Placemark>
<name>EIDPG ARRIVAL: LEPA - LEBL</name>
<styleUrl>#arrival_schengen</styleUrl>
<LineString>
<tessellate>1</tessellate>
<coordinates>
2.738888888888889,39.55027777777777,0 2.0783333333333336,41.29666666666667,0
</coordinates>
</LineString>
</Placemark>
<Placemark>
<name>ECJFN ARRIVAL: LEMD - LEBL</name>
<styleUrl>#arrival_schengen</styleUrl>
<LineString>
<tessellate>1</tessellate>
<coordinates>
-3.5597222222222222,40.471944444444446,0 2.0783333333333336,41.29666666666667,0
</coordinates>
</LineString>
</Placemark>
<Placemark>
<name>ECLQL ARRIVAL: EGLL - LEBL</name>
<styleUrl>#arrival_nonschengen</styleUrl>
<LineString>
<tessellate>1</tessellate>
<coordinates>
-0.4613888888888889,51.477222222222224,0 2.0783333333333336,41.29666666666667,0
</coordinates>
</LineString>
</Placemark>
<Placemark>
<name>EIDEE ARRIVAL: EIDW - LEBL</name>
<styleUrl>#arrival_nonschengen</styleUrl>
<LineString>
<tessellate>1</tessellate>
<coordinates>
-6.269444444444445,53.420833333333334,0 2.0783333333333336,41.29666666666667,0
</coordinates>
</LineString>
</Placemark>
<Placemark>
<name>ECLVA ARRIVAL: LIRF - LEBL</name>
<styleUrl>#arrival_schengen</styleUrl>
<LineString>
<tessellate>1</tessellate>
<coordinates>
12.238888888888889,41.79888888888889,0 2.0783333333333336,41.29666666666667,0
</coordinates>
</LineString>
</Placemark>
<Placemark>
<name>ECMGF ARRIVAL: EDDF - LEBL</name>
<styleUrl>#arrival_schengen</styleUrl>
<LineString>
<tessellate>1</tessellate>
<coordinates>
8.570555555555556,50.033055555555556,0 2.0783333333333336,41.29666666666667,0
</coordinates>
</LineString>
</Placemark>
<Placemark>
<name>CNNMH ARRIVAL: GMTT - LEBL</name>
<styleUrl>#arrival_nonschengen</styleUrl>
<LineString>
<tessellate>1</tessellate>
<coordinates>
-5.921111111111111,35.73166666666667,0 2.0783333333333336,41.29666666666667,0
</coordinates>
</LineString>
</Placemark>
<Placemark>
<name>ECMKM ARRIVAL: LPPR - LEBL</name>
<styleUrl>#arrival_schengen</styleUrl>
<LineString>
<tessellate>1</tessellate>
<coordinates>
-8.6775,41.23555555555556,0 2.0783333333333336,41.29666666666667,0
</coordinates>
</LineString>
</Placemark>
<Placemark>
<name>ECLUN ARRIVAL: LEBB - LEBL</name>
<styleUrl>#arrival_schengen</styleUrl>
<LineString>
<tessellate>1</tessellate>
<coordinates>
-2.9097222222222223,43.29972222222222,0 2.0783333333333336,41.29666666666667,0
</coordinates>
</LineString>
</Placemark>
<Placemark>
<name>ERAXP ARRIVAL: LUKK - LEBL</name>
<styleUrl>#arrival_nonschengen</styleUrl>
<LineString>
<tessellate>1</tessellate>
<coordinates>
28.930833333333336,46.926944444444445,0 2.0783333333333336,41.29666666666667,0
</coordinates>
</LineString>
</Placemark>
<Placemark>
<name>ECMLE ARRIVAL: LEMH - LEBL</name>
<styleUrl>#arrival_schengen</styleUrl>
<LineString>
<tessellate>1</tessellate>
<coordinates>
4.2186111111111115,39.862500000000004,0 2.0783333333333336,41.29666666666667,0
</coordinates>
</LineString>
</Placemark>
<Placemark>
<name>EIFJL ARRIVAL: EKBI - LEBL</name>
<styleUrl>#arrival_schengen</styleUrl>
<LineString>
<tessellate>1</tessellate>
<coordinates>
9.151666666666667,55.74,0 2.0783333333333336,41.29666666666667,0
</coordinates>
</LineString>
</Placemark>
<Placemark>
<name>ECKMI ARRIVAL: LEMD - LEBL</name>
<styleUrl>#arrival_schengen</styleUrl>
<LineString>
<tessellate>1</tessellate>
<coordinates>
-3.5597222222222222,40.471944444444446,0 2.0783333333333336,41.29666666666667,0
</coordinates>
</LineString>
</Placemark>
<Placemark>
<name>GEZUM ARRIVAL: LFLL - LEBL</name>
<styleUrl>#arrival_schengen</styleUrl>
<LineString>
<tessellate>1</tessellate>
<coordinates>
5.0808333333333335,45.72555555555556,0 2.0783333333333336,41.29666666666667,0
</coordinates>
</LineString>
</Placemark>
<Placemark>
<name>HBION ARRIVAL: LSZH - LEBL</name>
<styleUrl>#arrival_schengen</styleUrl>
<LineString>
<tessellate>1</tessellate>
<coordinates>
8.547777777777778,47.45805555555556,0 2.0783333333333336,41.29666666666667,0
</coordinates>
</LineString>
</Placemark>
<Placemark>
<name>ECLZF ARRIVAL: LEAL - LEBL</name>
<styleUrl>#arrival_schengen</styleUrl>
<LineString>
<tessellate>1</tessellate>
<coordinates>
-0.5580555555555556,38.282222222222224,0 2.0783333333333336,41.29666666666667,0
</coordinates>
</LineString>
</Placemark>
<Placemark>
<name>TCICT ARRIVAL: LEIB - LEBL</name>
<styleUrl>#arrival_schengen</styleUrl>
<LineString>
<tessellate>1</tessellate>
<coordinates>
1.3730555555555557,38.8725,0 2.0783333333333336,41.29666666666667,0
</coordinates>
</LineString>
</Placemark>
<Placemark>
<name>ECLAA ARRIVAL: LEST - LEBL</name>
<styleUrl>#arrival_schengen</styleUrl>
<LineString>
<tessellate>1</tessellate>
<coordinates>
-8.415277777777778,42.895833333333336,0 2.0783333333333336,41.29666666666667,0
</coordinates>
</LineString>
</Placemark>
<Placemark>
<name>EIFJK ARRIVAL: EGKK - LEBL</name>
<styleUrl>#arrival_nonschengen</styleUrl>
<LineString>
<tessellate>1</tessellate>
<coordinates>
-0.18944444444444444,51.14805555555556,0 2.0783333333333336,41.29666666666667,0
</coordinates>
</LineString>
</Placemark>
<Placemark>
<name>YRBGA ARRIVAL: LROP - LEBL</name>
<styleUrl>#arrival_nonschengen</styleUrl>
<LineString>
<tessellate>1</tessellate>
<coordinates>
26.08361111111111,44.571111111111115,0 2.0783333333333336,41.29666666666667,0
</coordinates>
</LineString>
</Placemark>
<Placemark>
<name>TCJRF ARRIVAL: LTBA - LEBL</name>
<styleUrl>#arrival_nonschengen</styleUrl>
<LineString>
<tessellate>1</tessellate>
<coordinates>
28.81416666666667,40.976111111111116,0 2.0783333333333336,41.29666666666667,0
</coordinates>
</LineString>
</Placemark>
<Placemark>
<name>DCALL ARRIVAL: LIEE - LEBL</name>
<styleUrl>#arrival_schengen</styleUrl>
<LineString>
<tessellate>1</tessellate>
<coordinates>
9.055833333333334,39.246944444444445,0 2.0783333333333336,41.29666666666667,0
</coordinates>
</LineString>
</Placemark>
<Placemark>
<name>ECLRY ARRIVAL: EDDM - LEBL</name>
<styleUrl>#arrival_schengen</styleUrl>
<LineString>
<tessellate>1</tessellate>
<coordinates>
11.786111111111111,48.35388888888889,0 2.0783333333333336,41.29666666666667,0
</coordinates>
</LineString>
</Placemark>
<Placemark>
<name>ECKCU ARRIVAL: LIRF - LEBL</name>
<styleUrl>#arrival_schengen</styleUrl>
<LineString>
<tessellate>1</tessellate>
<coordinates>
12.238888888888889,41.79888888888889,0 2.0783333333333336,41.29666666666667,0
</coordinates>
</LineString>
</Placemark>
<Placemark>
<name>EIDAM ARRIVAL: EIDW - LEBL</name>
<styleUrl>#arrival_nonschengen</styleUrl>
<LineString>
<tessellate>1</tessellate>
<coordinates>
-6.269444444444445,53.420833333333334,0 2.0783333333333336,41.29666666666667,0
</coordinates>
</LineString>
</Placemark>
<Placemark>
<name>ECMIR ARRIVAL: LIRQ - LEBL</name>
<styleUrl>#arrival_schengen</styleUrl>
<LineString>
<tessellate>1</tessellate>
<coordinates>
11.201388888888888,43.80722222222222,0 2.0783333333333336,41.29666666666667,0
</coordinates>
</LineString>
</Placemark>
<Placemark>
<name>PHBXK ARRIVAL: EHAM - LEBL</name>
<styleUrl>#arrival_schengen</styleUrl>
<LineString>
<tessellate>1</tessellate>
<coordinates>
4.764166666666667,52.30722222222222,0 2.0783333333333336,41.29666666666667,0
</coordinates>
</LineString>
</Placemark>
<Placemark>
<name>EIENO ARRIVAL: LHBP - LEBL</name>
<styleUrl>#arrival_schengen</styleUrl>
<LineString>
<tessellate>1</tessellate>
<coordinates>
19.261944444444445,47.43805555555555,0 2.0783333333333336,41.29666666666667,0
</coordinates>
</LineString>
</Placemark>
<Placemark>
<name>GEUUG ARRIVAL: EGLL - LEBL</name>
<styleUrl>#arrival_nonschengen</styleUrl>
<LineString>
<tessellate>1</tessellate>
<coordinates>
-0.4613888888888889,51.477222222222224,0 2.0783333333333336,41.29666666666667,0
</coordinates>
</LineString>
</Placemark>
<Placemark>
<name>ECHHA ARRIVAL: LSZH - LEBL</name>
<styleUrl>#arrival_schengen</styleUrl>
<LineString>
<tessellate>1</tessellate>
<coordinates>
8.547777777777778,47.45805555555556,0 2.0783333333333336,41.29666666666667,0
</coordinates>
</LineString>
</Placemark>
<Placemark>
<name>ECMHB ARRIVAL: EGKK - LEBL</name>
<styleUrl>#arrival_nonschengen</styleUrl>
<LineString>
<tessellate>1</tessellate>
<coordinates>
-0.18944444444444444,51.14805555555556,0 2.0783333333333336,41.29666666666667,0
</coordinates>
</LineString>
</Placemark>
<Placemark>
<name>ECMFL ARRIVAL: LFPO - LEBL</name>
<styleUrl>#arrival_schengen</styleUrl>
<LineString>
<tessellate>1</tessellate>
<coordinates>
2.3794444444444447,48.723333333333336,0 2.0783333333333336,41.29666666666667,0
</coordinates>
</LineString>
</Placemark>
<Placemark>
<name>ECLVP ARRIVAL: LEMD - LEBL</name>
<styleUrl>#arrival_schengen</styleUrl>
<LineString>
<tessellate>1</tessellate>
<coordinates>
-3.5597222222222222,40.471944444444446,0 2.0783333333333336,41.29666666666667,0
</coordinates>
</LineString>
</Placemark>
<Placemark>
<name>ECLUT ARRIVAL: LEMH - LEBL</name>
<styleUrl>#arrival_schengen</styleUrl>
<LineString>
<tessellate>1</tessellate>
<coordinates>
4.2186111111111115,39.862500000000004,0 2.0783333333333336,41.29666666666667,0
</coordinates>
</LineString>
</Placemark>
<Placemark>
<name>ECJFF ARRIVAL: LDDU - LEBL</name>
<styleUrl>#arrival_nonschengen</styleUrl>
<LineString>
<tessellate>1</tessellate>
<coordinates>
18.268055555555556,42.559999999999995,0 2.0783333333333336,41.29666666666667,0
</coordinates>
</LineString>
</Placemark>
<Placemark>
<name>ECLZE ARRIVAL: LEMG - LEBL</name>
<styleUrl>#arrival_schengen</styleUrl>
<LineString>
<tessellate>1</tessellate>
<coordinates>
-4.497777777777777,36.67388888888889,0 2.0783333333333336,41.29666666666667,0
</coordinates>
</LineString>
</Placemark>
<Placemark>
<name>FGKXR ARRIVAL: LFPG - LEBL</name>
<styleUrl>#arrival_schengen</styleUrl>
<LineString>
<tessellate>1</tessellate>
<coordinates>
2.5463888888888886,49.00972222222222,0 2.0783333333333336,41.29666666666667,0
</coordinates>
</LineString>
</Placemark>
<Placemark>
<name>ECLRG ARRIVAL: LEPA - LEBL</name>
<styleUrl>#arrival_schengen</styleUrl>
<LineString>
<tessellate>1</tessellate>
<coordinates>
2.738888888888889,39.55027777777777,0 2.0783333333333336,41.29666666666667,0
</coordinates>
</LineString>
</Placemark>
<Placemark>
<name>DAISG ARRIVAL: EDDF - LEBL</name>
<styleUrl>#arrival_schengen</styleUrl>
<LineString>
<tessellate>1</tessellate>
<coordinates>
8.570555555555556,50.033055555555556,0 2.0783333333333336,41.29666666666667,0
</coordinates>
</LineString>
</Placemark>
<Placemark>
<name>EIEIB ARRIVAL: LIRF - LEBL</name>
<styleUrl>#arrival_schengen</styleUrl>
<LineString>
<tessellate>1</tessellate>
<coordinates>
12.238888888888889,41.79888888888889,0 2.0783333333333336,41.29666666666667,0
</coordinates>
</LineString>
</Placemark>
<Placemark>
<name>EIFJN ARRIVAL: ENGM - LEBL</name>
<styleUrl>#arrival_schengen</styleUrl>
<LineString>
<tessellate>1</tessellate>
<coordinates>
11.08388888888889,60.20277777777778,0 2.0783333333333336,41.29666666666667,0
</coordinates>
</LineString>
</Placemark>
<Placemark>
<name>EIEPG ARRIVAL: LFOB - LEBL</name>
<styleUrl>#arrival_schengen</styleUrl>
<LineString>
<tessellate>1</tessellate>
<coordinates>
2.112777777777778,49.45444444444445,0 2.0783333333333336,41.29666666666667,0
</coordinates>
</LineString>
</Placemark>
<Placemark>
<name>ECMKX ARRIVAL: EDDL - LEBL</name>
<styleUrl>#arrival_schengen</styleUrl>
<LineString>
<tessellate>1</tessellate>
<coordinates>
6.7572222222222225,51.280833333333334,0 2.0783333333333336,41.29666666666667,0
</coordinates>
</LineString>
</Placemark>
<Placemark>
<name>VPBZA ARRIVAL: UUEE - LEBL</name>
<styleUrl>#arrival_nonschengen</styleUrl>
<LineString>
<tessellate>1</tessellate>
<coordinates>
37.4125,55.972500000000004,0 2.0783333333333336,41.29666666666667,0
</coordinates>
</LineString>
</Placemark>
<Placemark>
<name>EIFJM ARRIVAL: EKCH - LEBL</name>
<styleUrl>#arrival_schengen</styleUrl>
<LineString>
<tessellate>1</tessellate>
<coordinates>
12.655833333333334,55.61805555555556,0 2.0783333333333336,41.29666666666667,0
</coordinates>
</LineString>
</Placemark>
<Placemark>
<name>ECLZN ARRIVAL: LKPR - LEBL</name>
<styleUrl>#arrival_schengen</styleUrl>
<LineString>
<tessellate>1</tessellate>
<coordinates>
14.259722222222223,50.100833333333334,0 2.0783333333333336,41.29666666666667,0
</coordinates>
</LineString>
</Placemark>
<Placemark>
<name>ECLQK ARRIVAL: EIDW - LEBL</name>
<styleUrl>#arrival_nonschengen</styleUrl>
<LineString>
<tessellate>1</tessellate>
<coordinates>
-6.269444444444445,53.420833333333334,0 2.0783333333333336,41.29666666666667,0
</coordinates>
</LineString>
</Placemark>
<Placemark>
<name>ECLZS ARRIVAL: LIEO - LEBL</name>
<styleUrl>#arrival_schengen</styleUrl>
<LineString>
<tessellate>1</tessellate>
<coordinates>
9.517777777777779,40.89833333333333,0 2.0783333333333336,41.29666666666667,0
</coordinates>
</LineString>
</Placemark>
<Placemark>
<name>ECHTD ARRIVAL: LEIB - LEBL</name>
<styleUrl>#arrival_schengen</styleUrl>
<LineString>
<tessellate>1</tessellate>
<coordinates>
1.3730555555555557,38.8725,0 2.0783333333333336,41.29666666666667,0
</coordinates>
</LineString>
</Placemark>
<Placemark>
<name>ECLML ARRIVAL: LEMH - LEBL</name>
<styleUrl>#arrival_schengen</styleUrl>
<LineString>
<tessellate>1</tessellate>
<coordinates>
4.2186111111111115,39.862500000000004,0 2.0783333333333336,41.29666666666667,0
</coordinates>
</LineString>
</Placemark>
<Placemark>
<name>ECMGE ARRIVAL: EGGW - LEBL</name>
<styleUrl>#arrival_nonschengen</styleUrl>
<LineString>
<tessellate>1</tessellate>
<coordinates>
-0.3675,51.874722222222225,0 2.0783333333333336,41.29666666666667,0
</coordinates>
</LineString>
</Placemark>
<Placemark>
<name>ECMGY ARRIVAL: LEGR - LEBL</name>
<styleUrl>#arrival_schengen</styleUrl>
<LineString>
<tessellate>1</tessellate>
<coordinates>
-3.776388888888889,37.1875,0 2.0783333333333336,41.29666666666667,0
</coordinates>
</LineString>
</Placemark>
<Placemark>
<name>EIDHX ARRIVAL: LIME - LEBL</name>
<styleUrl>#arrival_schengen</styleUrl>
<LineString>
<tessellate>1</tessellate>
<coordinates>
9.699722222222222,45.66861111111111,0 2.0783333333333336,41.29666666666667,0
</coordinates>
</LineString>
</Placemark>
<Placemark>
<name>ECLRM ARRIVAL: LIPE - LEBL</name>
<styleUrl>#arrival_schengen</styleUrl>
<LineString>
<tessellate>1</tessellate>
<coordinates>
11.296666666666667,44.530833333333334,0 2.0783333333333336,41.29666666666667,0
</coordinates>
</LineString>
</Placemark>
<Placemark>
<name>ECHFK ARRIVAL: LEPA - LEBL</name>
<styleUrl>#arrival_schengen</styleUrl>
<LineString>
<tessellate>1</tessellate>
<coordinates>
2.738888888888889,39.55027777777777,0 2.0783333333333336,41.29666666666667,0
</coordinates>
</LineString>
</Placemark>
<Placemark>
<name>EIDAE ARRIVAL: LEIB - LEBL</name>
<styleUrl>#arrival_schengen</styleUrl>
<LineString>
<tessellate>1</tessellate>
<coordinates>
1.3730555555555557,38.8725,0 2.0783333333333336,41.29666666666667,0
</coordinates>
</LineString>
</Placemark>
<Placemark>
<name>CSTTS ARRIVAL: LPPT - LEBL</name>
<styleUrl>#arrival_schengen</styleUrl>
<LineString>
<tessellate>1</tessellate>
<coordinates>
-9.133055555555556,38.77388888888889,0 2.0783333333333336,41.29666666666667,0
</coordinates>
</LineString>
</Placemark>
<Placemark>
<name>EIFIY ARRIVAL: LIPH - LEBL</name>
<styleUrl>#arrival_schengen</styleUrl>
<LineString>
<tessellate>1</tessellate>
<coordinates>
12.197777777777778,45.650555555555556,0 2.0783333333333336,41.29666666666667,0
</coordinates>
</LineString>
</Placemark>
<Placemark>
<name>EIDCJ ARRIVAL: EDDB - LEBL</name>
<styleUrl>#arrival_schengen</styleUrl>
<LineString>
<tessellate>1</tessellate>
<coordinates>
13.500555555555556,52.36194444444445,0 2.0783333333333336,41.29666666666667,0
</coordinates>
</LineString>
</Placemark>
<Placemark>
<name>ECLVO ARRIVAL: LECO - LEBL</name>
<styleUrl>#arrival_schengen</styleUrl>
<LineString>
<tessellate>1</tessellate>
<coordinates>
-8.377222222222223,43.301944444444445,0 2.0783333333333336,41.29666666666667,0
</coordinates>
</LineString>
</Placemark>
<Placemark>
<name>ECLVB ARRIVAL: LPPT - LEBL</name>
<styleUrl>#arrival_schengen</styleUrl>
<LineString>
<tessellate>1</tessellate>
<coordinates>
-9.133055555555556,38.77388888888889,0 2.0783333333333336,41.29666666666667,0
</coordinates>
</LineString>
</Placemark>
<Placemark>
<name>SXABE ARRIVAL: EBBR - LEBL</name>
<styleUrl>#arrival_schengen</styleUrl>
<LineString>
<tessellate>1</tessellate>
<coordinates>
4.484444444444445,50.900555555555556,0 2.0783333333333336,41.29666666666667,0
</coordinates>
</LineString>
</Placemark>
<Placemark>
<name>ECMEQ ARRIVAL: LFPO - LEBL</name>
<styleUrl>#arrival_schengen</styleUrl>
<LineString>
<tessellate>1</tessellate>
<coordinates>
2.3794444444444447,48.723333333333336,0 2.0783333333333336,41.29666666666667,0
</coordinates>
</LineString>
</Placemark>
<Placemark>
<name>EIDWK ARRIVAL: LIRF - LEBL</name>
<styleUrl>#arrival_schengen</styleUrl>
<LineString>
<tessellate>1</tessellate>
<coordinates>
12.238888888888889,41.79888888888889,0 2.0783333333333336,41.29666666666667,0
</coordinates>
</LineString>
</Placemark>
<Placemark>
<name>ECMJR ARRIVAL: LIMC - LEBL</name>
<styleUrl>#arrival_schengen</styleUrl>
<LineString>
<tessellate>1</tessellate>
<coordinates>
8.723055555555556,45.63,0 2.0783333333333336,41.29666666666667,0
</coordinates>
</LineString>
</Placemark>
<Placemark>
<name>ECMFK ARRIVAL: LEMH - LEBL</name>
<styleUrl>#arrival_schengen</styleUrl>
<LineString>
<tessellate>1</tessellate>
<coordinates>
4.2186111111111115,39.862500000000004,0 2.0783333333333336,41.29666666666667,0
</coordinates>
</LineString>
</Placemark>
<Placemark>
<name>ECMLM ARRIVAL: LEVX - LEBL</name>
<styleUrl>#arrival_schengen</styleUrl>
<LineString>
<tessellate>1</tessellate>
<coordinates>
-8.627500000000001,42.22916666666667,0 2.0783333333333336,41.29666666666667,0
</coordinates>
</LineString>
</Placemark>
<Placemark>
<name>VPBRI ARRIVAL: UUDD - LEBL</name>
<styleUrl>#arrival_nonschengen</styleUrl>
<LineString>
<tessellate>1</tessellate>
<coordinates>
37.905833333333334,55.408055555555556,0 2.0783333333333336,41.29666666666667,0
</coordinates>
</LineString>
</Placemark>
<Placemark>
<name>ECMEA ARRIVAL: LEZL - LEBL</name>
<styleUrl>#arrival_schengen</styleUrl>
<LineString>
<tessellate>1</tessellate>
<coordinates>
-5.8975,37.416666666666664,0 2.0783333333333336,41.29666666666667,0
</coordinates>
</LineString>
</Placemark>
<Placemark>
<name>ECJTR ARRIVAL: LEPA - LEBL</name>
<styleUrl>#arrival_schengen</styleUrl>
<LineString>
<tessellate>1</tessellate>
<coordinates>
2.738888888888889,39.55027777777777,0 2.0783333333333336,41.29666666666667,0
</coordinates>
</LineString>
</Placemark>
<Placemark>
<name>GEZTA ARRIVAL: LFPG - LEBL</name>
<styleUrl>#arrival_schengen</styleUrl>
<LineString>
<tessellate>1</tessellate>
<coordinates>
2.5463888888888886,49.00972222222222,0 2.0783333333333336,41.29666666666667,0
</coordinates>
</LineString>
</Placemark>
<Placemark>
<name>ECLSA ARRIVAL: LPPR - LEBL</name>
<styleUrl>#arrival_schengen</styleUrl>
<LineString>
<tessellate>1</tessellate>
<coordinates>
-8.6775,41.23555555555556,0 2.0783333333333336,41.29666666666667,0
</coordinates>
</LineString>
</Placemark>
<Placemark>
<name>ECMGZ ARRIVAL: EHAM - LEBL</name>
<styleUrl>#arrival_schengen</styleUrl>
<LineString>
<tessellate>1</tessellate>
<coordinates>
4.764166666666667,52.30722222222222,0 2.0783333333333336,41.29666666666667,0
</coordinates>
</LineString>
</Placemark>
<Placemark>
<name>SXDVV ARRIVAL: LGAV - LEBL</name>
<styleUrl>#arrival_schengen</styleUrl>
<LineString>
<tessellate>1</tessellate>
<coordinates>
23.944444444444446,37.93527777777778,0 2.0783333333333336,41.29666666666667,0
</coordinates>
</LineString>
</Placemark>
<Placemark>
<name>ECMKV ARRIVAL: LIRP - LEBL</name>
<styleUrl>#arrival_schengen</styleUrl>
<LineString>
<tessellate>1</tessellate>
<coordinates>
10.394166666666667,43.68222222222222,0 2.0783333333333336,41.29666666666667,0
</coordinates>
</LineString>
</Placemark>
<Placemark>
<name>ECJYX ARRIVAL: LIPX - LEBL</name>
<styleUrl>#arrival_schengen</styleUrl>
<LineString>
<tessellate>1</tessellate>
<coordinates>
10.887777777777778,45.395833333333336,0 2.0783333333333336,41.29666666666667,0
</coordinates>
</LineString>
</Placemark>
<Placemark>
<name>EIDHT ARRIVAL: EGSS - LEBL</name>
<styleUrl>#arrival_nonschengen</styleUrl>
<LineString>
<tessellate>1</tessellate>
<coordinates>
0.23500000000000001,51.88472222222222,0 2.0783333333333336,41.29666666666667,0
</coordinates>
</LineString>
</Placemark>
<Placemark>
<name>OYRUP ARRIVAL: GCLP - LEBL</name>
<styleUrl>#arrival_nonschengen</styleUrl>
<LineString>
<tessellate>1</tessellate>
<coordinates>
-15.386666666666667,27.931944444444447,0 2.0783333333333336,41.29666666666667,0
</coordinates>
</LineString>
</Placemark>
<Placemark>
<name>GEZWZ ARRIVAL: EGKK - LEBL</name>
<styleUrl>#arrival_nonschengen</styleUrl>
<LineString>
<tessellate>1</tessellate>
<coordinates>
-0.18944444444444444,51.14805555555556,0 2.0783333333333336,41.29666666666667,0
</coordinates>
</LineString>
</Placemark>
<Placemark>
<name>LYVEV ARRIVAL: LIPZ - LEBL</name>
<styleUrl>#arrival_schengen</styleUrl>
<LineString>
<tessellate>1</tessellate>
<coordinates>
12.350555555555555,45.505,0 2.0783333333333336,41.29666666666667,0
</coordinates>
</LineString>
</Placemark>
<Placemark>
<name>YLPSH ARRIVAL: BIKF - LEBL</name>
<styleUrl>#arrival_schengen</styleUrl>
<LineString>
<tessellate>1</tessellate>
<coordinates>
-22.605555555555558,63.984722222222224,0 2.0783333333333336,41.29666666666667,0
</coordinates>
</LineString>
</Placemark>
<Placemark>
<name>EIDHG ARRIVAL: EDDK - LEBL</name>
<styleUrl>#arrival_schengen</styleUrl>
<LineString>
<tessellate>1</tessellate>
<coordinates>
7.142777777777778,50.865833333333335,0 2.0783333333333336,41.29666666666667,0
</coordinates>
</LineString>
</Placemark>
<Placemark>
<name>ECLZZ ARRIVAL: EGKK - LEBL</name>
<styleUrl>#arrival_nonschengen</styleUrl>
<LineString>
<tessellate>1</tessellate>
<coordinates>
-0.18944444444444444,51.14805555555556,0 2.0783333333333336,41.29666666666667,0
</coordinates>
</LineString>
</Placemark>
<Placemark>
<name>ECMBK ARRIVAL: LIEE - LEBL</name>
<styleUrl>#arrival_schengen</styleUrl>
<LineString>
<tessellate>1</tessellate>
<coordinates>
9.055833333333334,39.246944444444445,0 2.0783333333333336,41.29666666666667,0
</coordinates>
</LineString>
</Placemark>
<Placemark>
<name>GEZDJ ARRIVAL: EGGW - LEBL</name>
<styleUrl>#arrival_nonschengen</styleUrl>
<LineString>
<tessellate>1</tessellate>
<coordinates>
-0.3675,51.874722222222225,0 2.0783333333333336,41.29666666666667,0
</coordinates>
</LineString>
</Placemark>
<Placemark>
<name>ECKHN ARRIVAL: LEMH - LEBL</name>
<styleUrl>#arrival_schengen</styleUrl>
<LineString>
<tessellate>1</tessellate>
<coordinates>
4.2186111111111115,39.862500000000004,0 2.0783333333333336,41.29666666666667,0
</coordinates>
</LineString>
</Placemark>
<Placemark>
<name>ECLZO ARRIVAL: LEIB - LEBL</name>
<styleUrl>#arrival_schengen</styleUrl>
<LineString>
<tessellate>1</tessellate>
<coordinates>
1.3730555555555557,38.8725,0 2.0783333333333336,41.29666666666667,0
</coordinates>
</LineString>
</Placemark>
<Placemark>
<name>ECHQI ARRIVAL: LFMN - LEBL</name>
<styleUrl>#arrival_schengen</styleUrl>
<LineString>
<tessellate>1</tessellate>
<coordinates>
7.214166666666667,43.664722222222224,0 2.0783333333333336,41.29666666666667,0
</coordinates>
</LineString>
</Placemark>
<Placemark>
<name>ECMLD ARRIVAL: EGCC - LEBL</name>
<styleUrl>#arrival_nonschengen</styleUrl>
<LineString>
<tessellate>1</tessellate>
<coordinates>
-2.2736111111111112,53.35388888888889,0 2.0783333333333336,41.29666666666667,0
</coordinates>
</LineString>
</Placemark>
<Placemark>
<name>ECLTG ARRIVAL: LFBT - LEBL</name>
<styleUrl>#arrival_schengen</styleUrl>
<LineString>
<tessellate>1</tessellate>
<coordinates>
-0.002777777777777778,43.18416666666666,0 2.0783333333333336,41.29666666666667,0
</coordinates>
</LineString>
</Placemark>
<Placemark>
<name>ECHQJ ARRIVAL: LEIB - LEBL</name>
<styleUrl>#arrival_schengen</styleUrl>
<LineString>
<tessellate>1</tessellate>
<coordinates>
1.3730555555555557,38.8725,0 2.0783333333333336,41.29666666666667,0
</coordinates>
</LineString>
</Placemark>
</Document>
</kml>
